"doc_id","text","user_id","screen_name","created_at","hashtags","team","year"
1339439660850950144,"we continue with day 3 of optic christmas as were giving away a scufgaming controller of your choice whether it be for ps or xbox

reply greenwall for a chance to win

stay tuned for day 4 as we got some u0001f525 were giving away from the heczquarters",1156773385273298944,"SamYater",2020-12-17 05:17:55,NA,"dallasempire",2020
1341897502883274752,"on the 10th day of optic christmas were giving away an incredible cold war gamefuel crate filled with items to keep you warm for the holidays

rt follow amp reply greenwall amp well pick a winner tonight

stay tuned for tomorrows giveaway its gonna be u0001f525 trust",749739158562897920,"RodanaterV3",2020-12-24 00:04:30,NA,"dallasempire",2020
1342621538122686464,"on the 12th day of optic christmaswere giving away a brand new gaming setup

included are a controller headset keyboard mouse a gaming computer monitor amp a mavixchairs

tag a friend rt follow reply greenwall amp let us know why you deserve a brand new setup gl",2941654552,"AlliedStrong",2020-12-26 00:01:34,NA,"dallasempire",2020
1339345164150640640,"optic scufgaming heczquarters greenwall u0001f64cu0001f3fcu0001f52540u00b0 where iu2019m at right now need some of that heat this way",381053556,"CynergiiENT",2020-12-16 23:02:25,"GreenWall","dallasempire",2020
1341566400574439424,"were at day 9 of optic christmas already tonight were giving away a new xbox series x lets get greenwall trending again

tomorrow were giving away a sick gamefuel influencer kit amp merch

reply greenwall tag a friend rt follow amp like for a chance to win",1071227862928244736,"joeman___",2020-12-23 02:08:49,"GreenWall","dallasempire",2020
1342005535231586304,"on the 10th day of optic christmas were giving away an incredible cold war gamefuel crate filled with items to keep you warm for the holidays

rt follow amp reply greenwall amp well pick a winner tonight

stay tuned for tomorrows giveaway its gonna be u0001f525 trust",894529224,"GiovanniP8",2020-12-24 07:13:47,NA,"dallasempire",2020
1342001618045317120,"on the 10th day of optic christmas were giving away an incredible cold war gamefuel crate filled with items to keep you warm for the holidays

rt follow amp reply greenwall amp well pick a winner tonight

stay tuned for tomorrows giveaway its gonna be u0001f525 trust",3250012051,"CoolBlazer250",2020-12-24 06:58:13,NA,"dallasempire",2020
1264336074656165888,"opticgaming rokkr letu2019s go u0001f618",1127321064080650240,"XCHAFFYX",2020-05-23 23:23:05,NA,"dallasempire",2020
1340176782956388352,"optic h3cz zippogaming heczquarters greenwall",3321301970,"W3lRDO",2020-12-19 06:06:58,"greenwall","dallasempire",2020
1340125266828546048,"on the 5th day of optic christmas were giving away art pieces made by h3cz to 24 lucky winners

tomorrow well give away two zippogaming hand warmers with a heczquarters hoodie amp beanie to keep you warm for the holidays

rt follow amp reply greenwall for a chance to win",1037520013547200512,"BrandonRolin1",2020-12-19 02:42:16,NA,"dallasempire",2020
1341903402104729600,"on the 10th day of optic christmas were giving away an incredible cold war gamefuel crate filled with items to keep you warm for the holidays

rt follow amp reply greenwall amp well pick a winner tonight

stay tuned for tomorrows giveaway its gonna be u0001f525 trust",764317014,"Doubl33_D",2020-12-24 00:27:57,NA,"dallasempire",2020
1341571361706262528,"optic gamefuel hell yeah lets get it greenwall kntlleader",959916144550400000,"prodigy_xeno",2020-12-23 02:28:32,"GreenWall","dallasempire",2020
1341533750086123520,"optic gamefuel greenwall dalberto99",1331296784719564800,"Jchaidez_",2020-12-22 23:59:05,"greenwall","dallasempire",2020
1339439740974723072,"optic scufgaming heczquarters greenwall 4 life",1156773385273298944,"SamYater",2020-12-17 05:18:14,"GreenWall","dallasempire",2020
1297253381480878080,"intelcallofduty rokkr opticgaming freesilly freegodrx",1272296813014417408,"Tomutineer",2020-08-22 19:24:42,"freesilly freegodrx","dallasempire",2020
1342595122274435072,"on the 12th day of optic christmaswere giving away a brand new gaming setup

included are a controller headset keyboard mouse a gaming computer monitor amp a mavixchairs

tag a friend rt follow reply greenwall amp let us know why you deserve a brand new setup gl",189438623,"CodyPeters9",2020-12-25 22:16:36,NA,"dallasempire",2020
1343316649039048704,"ktfuntweets and the eagles are going to go from a potential top 5 pick to winning a playoff game against chicago and picking in the 20s fucking ridiculous",34742074,"Aiervon",2020-12-27 22:03:41,NA,"dallasempire",2020
1339344704589209600,"optic scufgaming heczquarters greenwall",1196296482896449536,"OVOnotorious",2020-12-16 23:00:36,"GreenWall","dallasempire",2020
1342603412286803968,"optic mavixchairs manraj37120328 want to start streaming and creating cod content gaming equipment is the main issue that is holding me back from doing this greenwall",1004117494502604800,"Krylixz",2020-12-25 22:49:32,"GreenWall","dallasempire",2020
1341551524565147648,"optic gamefuel greenwall",1222297076421316608,"Scoob1998",2020-12-23 01:09:42,"Greenwall","dallasempire",2020
1341847905259450368,"optic gamefuel merry christmas greenwall fam",1328355085,"xR3M4G",2020-12-23 20:47:25,"GreenWall","dallasempire",2020
1342645338679738368,"on the 12th day of optic christmaswere giving away a brand new gaming setup

included are a controller headset keyboard mouse a gaming computer monitor amp a mavixchairs

tag a friend rt follow reply greenwall amp let us know why you deserve a brand new setup gl",1313428157035405312,"kiratd88",2020-12-26 01:36:08,NA,"dallasempire",2020
1342595392643493888,"on the 12th day of optic christmaswere giving away a brand new gaming setup

included are a controller headset keyboard mouse a gaming computer monitor amp a mavixchairs

tag a friend rt follow reply greenwall amp let us know why you deserve a brand new setup gl",1296385493958119424,"JxnnYJxmes",2020-12-25 22:17:40,NA,"dallasempire",2020
1342579428325535744,"on the 12th day of optic christmaswere giving away a brand new gaming setup

included are a controller headset keyboard mouse a gaming computer monitor amp a mavixchairs

tag a friend rt follow reply greenwall amp let us know why you deserve a brand new setup gl",542011870,"Conor_kirby_",2020-12-25 21:14:14,NA,"dallasempire",2020
1342588955754160128,"on the 12th day of optic christmaswere giving away a brand new gaming setup

included are a controller headset keyboard mouse a gaming computer monitor amp a mavixchairs

tag a friend rt follow reply greenwall amp let us know why you deserve a brand new setup gl",729654697,"Im_StranGerr",2020-12-25 21:52:05,NA,"dallasempire",2020
1342684285317353472,"on the 12th day of optic christmaswere giving away a brand new gaming setup

included are a controller headset keyboard mouse a gaming computer monitor amp a mavixchairs

tag a friend rt follow reply greenwall amp let us know why you deserve a brand new setup gl",1183485232349089792,"JeremyFTC",2020-12-26 04:10:54,NA,"dallasempire",2020
1342633768457277440,"on the 12th day of optic christmaswere giving away a brand new gaming setup

included are a controller headset keyboard mouse a gaming computer monitor amp a mavixchairs

tag a friend rt follow reply greenwall amp let us know why you deserve a brand new setup gl",473583860,"excBackst0pJR",2020-12-26 00:50:09,NA,"dallasempire",2020
1342684296507756544,"on the 12th day of optic christmaswere giving away a brand new gaming setup

included are a controller headset keyboard mouse a gaming computer monitor amp a mavixchairs

tag a friend rt follow reply greenwall amp let us know why you deserve a brand new setup gl",2668688779,"AlexM3TRO",2020-12-26 04:10:56,NA,"dallasempire",2020
1219321458196992000,"4 days 100thieves overtaking opticgaming last second to secure the map 4",1216188923220844544,"CODvids4",2020-01-20 18:11:04,NA,"dallasempire",2020
1342609015105146880,"on the 12th day of optic christmaswere giving away a brand new gaming setup

included are a controller headset keyboard mouse a gaming computer monitor amp a mavixchairs

tag a friend rt follow reply greenwall amp let us know why you deserve a brand new setup gl",1080607189700468736,"BubbleGuts32",2020-12-25 23:11:48,NA,"dallasempire",2020
1342589004512956416,"optic mavixchairs firefish0611 firefishgaming",21111398,"CharlesM0114",2020-12-25 21:52:17,NA,"dallasempire",2020
1341531106055770112,"were at day 9 of optic christmas already tonight were giving away a new xbox series x lets get greenwall trending again

tomorrow were giving away a sick gamefuel influencer kit amp merch

reply greenwall tag a friend rt follow amp like for a chance to win",1877097775,"Robiinson73",2020-12-22 23:48:34,"GreenWall","dallasempire",2020
1343595468576722944,"four straight games with 30 points the chicagobears are heating up uhoh",759087619435266048,"nemolee_exe",2020-12-28 16:31:37,NA,"dallasempire",2020
1340092093537116160,"on the 5th day of optic christmas were giving away art pieces made by h3cz to 24 lucky winners

tomorrow well give away two zippogaming hand warmers with a heczquarters hoodie amp beanie to keep you warm for the holidays

rt follow amp reply greenwall for a chance to win",389060159,"JuJu_Drumz",2020-12-19 00:30:27,NA,"dallasempire",2020
1341225881340133376,"on the 5th day of optic christmas were giving away art pieces made by h3cz to 24 lucky winners

tomorrow well give away two zippogaming hand warmers with a heczquarters hoodie amp beanie to keep you warm for the holidays

rt follow amp reply greenwall for a chance to win",1872639889,"ProdByEcho",2020-12-22 03:35:43,NA,"dallasempire",2020
1281416536972947456,"opticgaming good to see how yu2019all killed this twitter u0001f602",489977293,"AlwaysFillmon",2020-07-10 02:34:44,NA,"dallasempire",2020
1342591349170716672,"on the 12th day of optic christmaswere giving away a brand new gaming setup

included are a controller headset keyboard mouse a gaming computer monitor amp a mavixchairs

tag a friend rt follow reply greenwall amp let us know why you deserve a brand new setup gl",2913946680,"MrKennyKeys",2020-12-25 22:01:36,NA,"dallasempire",2020
1328160059151560704,"opticchi scufgaming juankure123",984282941038710784,"JuanRey13912320",2020-11-16 02:16:48,NA,"dallasempire",2020
1342260741211119616,"optic loyal07 greenwall 22 it would be a nice pc for productivity video editing and of course a little bit of gaming maybe if i win i will edit for you guys one day anyway it would help me get some goals and dreams close to become true happy holidays",2355832586,"Don_Sevenn",2020-12-25 00:07:53,"GreenWall","dallasempire",2020
1342645047557320704,"on the 12th day of optic christmaswere giving away a brand new gaming setup

included are a controller headset keyboard mouse a gaming computer monitor amp a mavixchairs

tag a friend rt follow reply greenwall amp let us know why you deserve a brand new setup gl",950038102453706752,"Rxdigan",2020-12-26 01:34:59,NA,"dallasempire",2020
1340092067704389632,"optic h3cz zippogaming heczquarters greenwall",389060159,"JuJu_Drumz",2020-12-19 00:30:21,"GreenWall","dallasempire",2020
1328127334436704256,"opticchi scufgaming imsolivid",1199177833794408448,"AcidFerno",2020-11-16 00:06:46,NA,"dallasempire",2020
1341942815262191616,"optic h3cz gamefuel greenwall",1184171455883415552,"CAllen1_",2020-12-24 03:04:33,"GreenWall","dallasempire",2020
1341883700552871936,"optic gamefuel greenwall",1097713175330471936,"PerciVal_KW",2020-12-23 23:09:39,"GreenWall","dallasempire",2020
1221260910431555584,"h3cz optic fans so quick to get defensive and cry tryin to rely off popularity and sub counts rather than gunskill and knowledge  then you wonder why you cant bring home a real championship first clay then crim  management needs to fire their damn selves and take a back seat 4once",60428739,"soliderack",2020-01-26 02:37:45,NA,"dallasempire",2020
1341531989309009920,"were at day 9 of optic christmas already tonight were giving away a new xbox series x lets get greenwall trending again

tomorrow were giving away a sick gamefuel influencer kit amp merch

reply greenwall tag a friend rt follow amp like for a chance to win",3039610522,"micoySZN",2020-12-22 23:52:05,"GreenWall","dallasempire",2020
1341902111471267840,"on the 10th day of optic christmas were giving away an incredible cold war gamefuel crate filled with items to keep you warm for the holidays

rt follow amp reply greenwall amp well pick a winner tonight

stay tuned for tomorrows giveaway its gonna be u0001f525 trust",1071227862928244736,"joeman___",2020-12-24 00:22:49,NA,"dallasempire",2020
1342622335828951040,"optic mavixchairs zakiya1991 greenwall im a software engineer thats always trying to create a solutionbusiness idea i dont have a home pc only a work laptop id love to have my own setup so that i can investigate and develop my own ideas on my own machine and not my works",1287285955792166912,"ItsSultanFS",2020-12-26 00:04:44,"Greenwall","dallasempire",2020
1342631496759259136,"on the 12th day of optic christmaswere giving away a brand new gaming setup

included are a controller headset keyboard mouse a gaming computer monitor amp a mavixchairs

tag a friend rt follow reply greenwall amp let us know why you deserve a brand new setup gl",826490120933146624,"HerRydeOrDie",2020-12-26 00:41:08,NA,"dallasempire",2020
1341531913077473280,"optic gamefuel greenwall generaljobo",3113524592,"GoofyxNewf",2020-12-22 23:51:47,"GreenWall","dallasempire",2020
1341883641513840640,"on the 10th day of optic christmas were giving away an incredible cold war gamefuel crate filled with items to keep you warm for the holidays

rt follow amp reply greenwall amp well pick a winner tonight

stay tuned for tomorrows giveaway its gonna be u0001f525 trust",1097713175330471936,"PerciVal_KW",2020-12-23 23:09:25,NA,"dallasempire",2020
1339626025035116544,"optic scufgaming heczquarters greenwall",1037520013547200512,"BrandonRolin1",2020-12-17 17:38:28,"GreenWall","dallasempire",2020
1340319996157816832,"optic h3cz zippogaming heczquarters greenwall",541838080,"imbinkz",2020-12-19 15:36:03,"GreenWall","dallasempire",2020
1342604114711212032,"on the 12th day of optic christmaswere giving away a brand new gaming setup

included are a controller headset keyboard mouse a gaming computer monitor amp a mavixchairs

tag a friend rt follow reply greenwall amp let us know why you deserve a brand new setup gl",3250012051,"CoolBlazer250",2020-12-25 22:52:19,NA,"dallasempire",2020
1342603154030923776,"on the 12th day of optic christmaswere giving away a brand new gaming setup

included are a controller headset keyboard mouse a gaming computer monitor amp a mavixchairs

tag a friend rt follow reply greenwall amp let us know why you deserve a brand new setup gl",1004117494502604800,"Krylixz",2020-12-25 22:48:30,NA,"dallasempire",2020
1311706299604836352,"h3cz has reacquired opticgaming in a deal separate from his association with nrggg according to sources will look to divest the los angeles cdl slot pending league approval on both the acquisition and sale
",755957207091535872,"KeithalanCombs",2020-10-01 16:35:26,NA,"dallasempire",2020
1340125429391306752,"optic adonawave h3cz zippogaming heczquarters greenwall",1037520013547200512,"BrandonRolin1",2020-12-19 02:42:55,"GreenWall","dallasempire",2020
1341551616336510976,"optic gamefuel greenwall cbrock020",1222297076421316608,"Scoob1998",2020-12-23 01:10:04,"Greenwall","dallasempire",2020
1336045743656747008,"juicejukem barceey ggnscruba ggnprometheus ggnthesaint ggnthesidious7 machacethan officialggn osirisgaming azalialexi msmarvelttv blessedbymunk akwestzuppa durpenhowser deltaphoeniiix triggerd0wn triggersop itsmepanda mrizod arcitys opticchi",1020203145853456384,"Barceey",2020-12-07 20:31:42,NA,"dallasempire",2020
1340459697372065792,"on the 5th day of optic christmas were giving away art pieces made by h3cz to 24 lucky winners

tomorrow well give away two zippogaming hand warmers with a heczquarters hoodie amp beanie to keep you warm for the holidays

rt follow amp reply greenwall for a chance to win",1239188400,"DAYNITE_",2020-12-20 00:51:11,NA,"dallasempire",2020
1342799898090082304,"optic mavixchairs i deserve a new gaming setup cause it would help me a pursue my goal to become a edit cause my current setup not up to scratch codetechninja greenwall",1537023986,"WingeniousEdwin",2020-12-26 11:50:18,"GreenWall","dallasempire",2020
1342607087742889984,"on the 12th day of optic christmaswere giving away a brand new gaming setup

included are a controller headset keyboard mouse a gaming computer monitor amp a mavixchairs

tag a friend rt follow reply greenwall amp let us know why you deserve a brand new setup gl",1666435440,"EFCYWreckage",2020-12-25 23:04:08,NA,"dallasempire",2020
1342005584321720320,"optic opticchi gamefuel greenwall",894529224,"GiovanniP8",2020-12-24 07:13:59,"GreenWall","dallasempire",2020
1342609479485906944,"optic opticchi mavixchairs i would like to give my son maddox a new gaming setup for christmas heu2019s 10 and needs to start training 

odbblkops you need a new setup",1080607189700468736,"BubbleGuts32",2020-12-25 23:13:39,NA,"dallasempire",2020
1342588400386396160,"on the 12th day of optic christmaswere giving away a brand new gaming setup

included are a controller headset keyboard mouse a gaming computer monitor amp a mavixchairs

tag a friend rt follow reply greenwall amp let us know why you deserve a brand new setup gl",1546815865,"Fruity_donut13",2020-12-25 21:49:53,NA,"dallasempire",2020
1340321404932284416,"on the 5th day of optic christmas were giving away art pieces made by h3cz to 24 lucky winners

tomorrow well give away two zippogaming hand warmers with a heczquarters hoodie amp beanie to keep you warm for the holidays

rt follow amp reply greenwall for a chance to win",945724381405184000,"Derek46496357",2020-12-19 15:41:39,NA,"dallasempire",2020
1341902198008111104,"optic gamefuel greenwall iu2019m a beast at cod",1071227862928244736,"joeman___",2020-12-24 00:23:09,"GreenWall","dallasempire",2020
1342225717912858624,"on the 10th day of optic christmas were giving away an incredible cold war gamefuel crate filled with items to keep you warm for the holidays

rt follow amp reply greenwall amp well pick a winner tonight

stay tuned for tomorrows giveaway its gonna be u0001f525 trust",1037520013547200512,"BrandonRolin1",2020-12-24 21:48:43,NA,"dallasempire",2020
1.342665843747e+18,"on the 12th day of optic christmaswere giving away a brand new gaming setup

included are a controller headset keyboard mouse a gaming computer monitor amp a mavixchairs

tag a friend rt follow reply greenwall amp let us know why you deserve a brand new setup gl",387509587,"N1GHTMARE_Plays",2020-12-26 02:57:37,NA,"dallasempire",2020
1342022954641719296,"optic gamefuel greenwall",387509587,"N1GHTMARE_Plays",2020-12-24 08:23:00,"GreenWall","dallasempire",2020
1340073141356380160,"on the 5th day of optic christmas were giving away art pieces made by h3cz to 24 lucky winners

tomorrow well give away two zippogaming hand warmers with a heczquarters hoodie amp beanie to keep you warm for the holidays

rt follow amp reply greenwall for a chance to win",95250788,"ncikesh",2020-12-18 23:15:08,NA,"dallasempire",2020
1341531064548802560,"were at day 9 of optic christmas already tonight were giving away a new xbox series x lets get greenwall trending again

tomorrow were giving away a sick gamefuel influencer kit amp merch

reply greenwall tag a friend rt follow amp like for a chance to win",1265527536005648384,"ihateapples33",2020-12-22 23:48:24,"GreenWall","dallasempire",2020
1342726757351358464,"on the 12th day of optic christmaswere giving away a brand new gaming setup

included are a controller headset keyboard mouse a gaming computer monitor amp a mavixchairs

tag a friend rt follow reply greenwall amp let us know why you deserve a brand new setup gl",907815812634988544,"PrinceSaiyan10",2020-12-26 06:59:40,NA,"dallasempire",2020
1326608440089694208,"dallasempire opticchi balllaze",1274225699780321280,"Bode_Richh",2020-11-11 19:31:13,NA,"dallasempire",2020
1.264330661156e+18,"opticgaming letu2019s go 30 u0001f624u0001f624",1127321064080650240,"XCHAFFYX",2020-05-23 23:01:34,NA,"dallasempire",2020
1341616564571942912,"optic gamefuel greenwall coachmasek",387509587,"N1GHTMARE_Plays",2020-12-23 05:28:09,"GreenWall","dallasempire",2020
1297515093056294912,"the reaction from the chicago huntsmen after yesterdayu2019s win vs the new york subliners u0001f624

bethehunter  cdlplayoffs  cdl2020",1262703984873140224,"BenPipe38215604",2020-08-23 12:44:39,NA,"dallasempire",2020
1341642879752519680,"were at day 9 of optic christmas already tonight were giving away a new xbox series x lets get greenwall trending again

tomorrow were giving away a sick gamefuel influencer kit amp merch

reply greenwall tag a friend rt follow amp like for a chance to win",2757987673,"cap_murica25",2020-12-23 07:12:43,"GreenWall","LAGuerrillas",2020
1342579395169554432,"drippyszns opticchi how do you measure improvement when the game keeps players stuck playing against same skilled players i think thatu2019s what keeps people from wanting to grind and improve",3111375544,"JakeMangel_",2020-12-25 21:14:06,NA,"LAGuerrillas",2020
1311760055931412480,"does h3cz sell the spot to his good friend nadeshot

would he ever consider rebranding chicago huntsmen back to optic gaming

crazy scenes",1309258119382433792,"LewisOgle1",2020-10-01 20:09:03,NA,"LAGuerrillas",2020
1320932771464884224,"u0001f6a8 breaking 100 thieves have purchased the los angeles cdl spot previously held by optic gaming la

sources say the team will be known as la thieves

h3cz will take back full control of the optic gaming brand future of the chicago slot is uncertain

",716378670185771008,"FormalGG",2020-10-27 03:38:09,NA,"LAGuerrillas",2020
1339469512119300096,"optic scufgaming heczquarters greenwall",1303677960839409664,"omentheshowmen",2020-12-17 07:16:32,"greenwall","LAGuerrillas",2020
1341579819549519872,"were at day 9 of optic christmas already tonight were giving away a new xbox series x lets get greenwall trending again

tomorrow were giving away a sick gamefuel influencer kit amp merch

reply greenwall tag a friend rt follow amp like for a chance to win",778430111796170752,"TyrantSaiyan21",2020-12-23 03:02:08,"GreenWall","LAGuerrillas",2020
1342582007239385088,"on the 12th day of optic christmaswere giving away a brand new gaming setup

included are a controller headset keyboard mouse a gaming computer monitor amp a mavixchairs

tag a friend rt follow reply greenwall amp let us know why you deserve a brand new setup gl",741090427202211840,"VaperEyes",2020-12-25 21:24:29,NA,"LAGuerrillas",2020
1343427774879510528,"optic mavixchairs greenwall i deserve a new setup as my rig has been built up from parts here and there over the years and i have never had a brand new overall setup ever and if i win id pay it forward my stuff to a friend whos rig is really outdated",86543104,"Devinedragoon",2020-12-28 05:25:15,"GreenWall","LAGuerrillas",2020
1341530255283138560,"were at day 9 of optic christmas already tonight were giving away a new xbox series x lets get greenwall trending again

tomorrow were giving away a sick gamefuel influencer kit amp merch

reply greenwall tag a friend rt follow amp like for a chance to win",602313374,"_karst",2020-12-22 23:45:11,"GreenWall","LAGuerrillas",2020
1341881367991365632,"optic gamefuel greenwall",755687769943474176,"vazquezemilio18",2020-12-23 23:00:23,"GreenWall","LAGuerrillas",2020
1341546973678080000,"optic gamefuel greenwall iimajination",2466977406,"ZerosBlessed",2020-12-23 00:51:37,"GreenWall","LAGuerrillas",2020
1341881344855519232,"on the 10th day of optic christmas were giving away an incredible cold war gamefuel crate filled with items to keep you warm for the holidays

rt follow amp reply greenwall amp well pick a winner tonight

stay tuned for tomorrows giveaway its gonna be u0001f525 trust",2241314868,"Cornrelish1600",2020-12-23 23:00:18,NA,"LAGuerrillas",2020
1342586460294139904,"on the 12th day of optic christmaswere giving away a brand new gaming setup

included are a controller headset keyboard mouse a gaming computer monitor amp a mavixchairs

tag a friend rt follow reply greenwall amp let us know why you deserve a brand new setup gl",912693686059671552,"Fito_818",2020-12-25 21:42:10,NA,"LAGuerrillas",2020
1343275827874689024,"on the 12th day of optic christmaswere giving away a brand new gaming setup

included are a controller headset keyboard mouse a gaming computer monitor amp a mavixchairs

tag a friend rt follow reply greenwall amp let us know why you deserve a brand new setup gl",2326609657,"f67tball",2020-12-27 19:21:28,NA,"LAGuerrillas",2020
1341530290293006336,"optic gamefuel greenwall murphym134",602313374,"_karst",2020-12-22 23:45:20,"GreenWall","LAGuerrillas",2020
1328219666087616512,"opticchi scufgaming dont have friends on twitter it is just to follow you guys u0001f44cu0001f3fcu0001f602",1186691275220832256,"Tom51312750",2020-11-16 06:13:40,NA,"LAGuerrillas",2020
1340073111283109888,"on the 5th day of optic christmas were giving away art pieces made by h3cz to 24 lucky winners

tomorrow well give away two zippogaming hand warmers with a heczquarters hoodie amp beanie to keep you warm for the holidays

rt follow amp reply greenwall for a chance to win",23560850,"smiling_piglet_",2020-12-18 23:15:01,NA,"LAGuerrillas",2020
1341881618387103744,"optic gamefuel greenwall",146713910,"Cliffdog19",2020-12-23 23:01:23,"Greenwall","LAGuerrillas",2020
1339308389390749696,"draftbuff thieves faze empire and optics twitter mentions when any of them win or lose",1265236912526295040,"Im_Kellea",2020-12-16 20:36:17,NA,"LAGuerrillas",2020
1341886280322461696,"on the 10th day of optic christmas were giving away an incredible cold war gamefuel crate filled with items to keep you warm for the holidays

rt follow amp reply greenwall amp well pick a winner tonight

stay tuned for tomorrows giveaway its gonna be u0001f525 trust",993177373469224960,"Weinerbones",2020-12-23 23:19:54,NA,"LAGuerrillas",2020
1342595393364889600,"on the 12th day of optic christmaswere giving away a brand new gaming setup

included are a controller headset keyboard mouse a gaming computer monitor amp a mavixchairs

tag a friend rt follow reply greenwall amp let us know why you deserve a brand new setup gl",2241314868,"Cornrelish1600",2020-12-25 22:17:40,NA,"LAGuerrillas",2020
1339336601181302784,"we continue with day 3 of optic christmas as were giving away a scufgaming controller of your choice whether it be for ps or xbox

reply greenwall for a chance to win

stay tuned for day 4 as we got some u0001f525 were giving away from the heczquarters",2907280492,"Ayysurreal",2020-12-16 22:28:24,NA,"LAGuerrillas",2020
1341883679799447552,"optic gamefuel greenwall",1048660302,"carl_pmo",2020-12-23 23:09:34,"GreenWall","LAGuerrillas",2020
1340075777350660096,"optic h3cz zippogaming heczquarters greenwall",2955832221,"itssjamie16",2020-12-18 23:25:37,"GreenWall","LAGuerrillas",2020
1341920534905413632,"on the 10th day of optic christmas were giving away an incredible cold war gamefuel crate filled with items to keep you warm for the holidays

rt follow amp reply greenwall amp well pick a winner tonight

stay tuned for tomorrows giveaway its gonna be u0001f525 trust",1282425402959560704,"Yelesiug",2020-12-24 01:36:01,NA,"LAGuerrillas",2020
1283941640848191488,"nice lil fiver kar98k faze faze5 optic quickscope snipe sniper ax50 rokkr esports mk2 mutneers cod mw",1277142160115187712,"zvvrz",2020-07-17 01:48:36,"kar98k FaZe FaZe5 optic quickscope snipe sniper ax50 rokkr esports mk2 mutneers cod mw","LAGuerrillas",2020
1341897502883274752,"on the 10th day of optic christmas were giving away an incredible cold war gamefuel crate filled with items to keep you warm for the holidays

rt follow amp reply greenwall amp well pick a winner tonight

stay tuned for tomorrows giveaway its gonna be u0001f525 trust",749739158562897920,"RodanaterV3",2020-12-24 00:04:30,NA,"LAGuerrillas",2020
1340082702247051264,"on the 5th day of optic christmas were giving away art pieces made by h3cz to 24 lucky winners

tomorrow well give away two zippogaming hand warmers with a heczquarters hoodie amp beanie to keep you warm for the holidays

rt follow amp reply greenwall for a chance to win",1095137523343347712,"kr3stacks",2020-12-18 23:53:08,NA,"LAGuerrillas",2020
1328117782966243328,"opticchi scufgaming blakebennett25",3320914796,"EXG_MUNCH",2020-11-15 23:28:49,NA,"LAGuerrillas",2020
1342610767804301312,"on the 12th day of optic christmaswere giving away a brand new gaming setup

included are a controller headset keyboard mouse a gaming computer monitor amp a mavixchairs

tag a friend rt follow reply greenwall amp let us know why you deserve a brand new setup gl",739438411,"YoKamiez",2020-12-25 23:18:46,NA,"LAGuerrillas",2020
1342210920815206400,"optic gamefuel greenwall",1955055697,"DeccoSF21",2020-12-24 20:49:55,"GreenWall","LAGuerrillas",2020
1328117734220070912,"also with our cold war 25k launch event were also giving away a fully customizable scuf controller

be sure to likert this post following opticchi and scufgaming amp tag a friend below greenwall",3320914796,"EXG_MUNCH",2020-11-15 23:28:37,NA,"LAGuerrillas",2020
1342590758415708160,"on the 12th day of optic christmaswere giving away a brand new gaming setup

included are a controller headset keyboard mouse a gaming computer monitor amp a mavixchairs

tag a friend rt follow reply greenwall amp let us know why you deserve a brand new setup gl",910703778,"P2Zilla",2020-12-25 21:59:15,NA,"LAGuerrillas",2020
1342604116149858304,"on the 12th day of optic christmaswere giving away a brand new gaming setup

included are a controller headset keyboard mouse a gaming computer monitor amp a mavixchairs

tag a friend rt follow reply greenwall amp let us know why you deserve a brand new setup gl",801584700292820992,"Vizmah",2020-12-25 22:52:20,NA,"LAGuerrillas",2020
1339337274799091712,"optic scufgaming heczquarters greenwall",3009682851,"maxi_partl",2020-12-16 22:31:04,"GreenWall","LAGuerrillas",2020
1342591734232961024,"on the 12th day of optic christmaswere giving away a brand new gaming setup

included are a controller headset keyboard mouse a gaming computer monitor amp a mavixchairs

tag a friend rt follow reply greenwall amp let us know why you deserve a brand new setup gl",389785675,"SavageYamez",2020-12-25 22:03:08,NA,"LAGuerrillas",2020
1341886454910300160,"optic gamefuel optic ftw greenwall",993177373469224960,"Weinerbones",2020-12-23 23:20:36,"GreenWall","LAGuerrillas",2020
1343427483572568064,"on the 12th day of optic christmaswere giving away a brand new gaming setup

included are a controller headset keyboard mouse a gaming computer monitor amp a mavixchairs

tag a friend rt follow reply greenwall amp let us know why you deserve a brand new setup gl",86543104,"Devinedragoon",2020-12-28 05:24:06,NA,"LAGuerrillas",2020
1305589202126622720,"bruce on the move dashyszn rejoins former teammate scump on the chicago huntsmen for the blackopscoldwar 2021 season bethehunter",1193560262126841856,"MarcusJM6",2020-09-14 19:28:17,NA,"LAGuerrillas",2020
1341774912705466368,"optic gamefuel greenwall rippeydaniel",1191826617217245184,"DanStewart06",2020-12-23 15:57:22,"greenwall","LAGuerrillas",2020
1340092214953783296,"on the 5th day of optic christmas were giving away art pieces made by h3cz to 24 lucky winners

tomorrow well give away two zippogaming hand warmers with a heczquarters hoodie amp beanie to keep you warm for the holidays

rt follow amp reply greenwall for a chance to win",1281670260542906368,"CornedFresh",2020-12-19 00:30:56,NA,"LAGuerrillas",2020
1341879070968176640,"on the 10th day of optic christmas were giving away an incredible cold war gamefuel crate filled with items to keep you warm for the holidays

rt follow amp reply greenwall amp well pick a winner tonight

stay tuned for tomorrows giveaway its gonna be u0001f525 trust",602313374,"_karst",2020-12-23 22:51:16,NA,"LAGuerrillas",2020
1342645343175897088,"on the 12th day of optic christmaswere giving away a brand new gaming setup

included are a controller headset keyboard mouse a gaming computer monitor amp a mavixchairs

tag a friend rt follow reply greenwall amp let us know why you deserve a brand new setup gl",1242300438113693696,"Ciipheer",2020-12-26 01:36:09,NA,"LAGuerrillas",2020
1328083827315642368,"also with our cold war 25k launch event were also giving away a fully customizable scuf controller

be sure to likert this post following opticchi and scufgaming amp tag a friend below greenwall",1303093914807799808,"Loudgy8",2020-11-15 21:13:53,NA,"LAGuerrillas",2020
1340075711625912320,"on the 5th day of optic christmas were giving away art pieces made by h3cz to 24 lucky winners

tomorrow well give away two zippogaming hand warmers with a heczquarters hoodie amp beanie to keep you warm for the holidays

rt follow amp reply greenwall for a chance to win",2955832221,"itssjamie16",2020-12-18 23:25:21,NA,"LAGuerrillas",2020
1342597313475325952,"on the 12th day of optic christmaswere giving away a brand new gaming setup

included are a controller headset keyboard mouse a gaming computer monitor amp a mavixchairs

tag a friend rt follow reply greenwall amp let us know why you deserve a brand new setup gl",269991227,"laureanobn",2020-12-25 22:25:18,NA,"LAGuerrillas",2020
1328699364647333888,"also with our cold war 25k launch event were also giving away a fully customizable scuf controller

be sure to likert this post following opticchi and scufgaming amp tag a friend below greenwall",751817081192980480,"michael_ivory06",2020-11-17 13:59:49,NA,"LAGuerrillas",2020
1342586431148085248,"on the 12th day of optic christmaswere giving away a brand new gaming setup

included are a controller headset keyboard mouse a gaming computer monitor amp a mavixchairs

tag a friend rt follow reply greenwall amp let us know why you deserve a brand new setup gl",2174017835,"NickZoomin",2020-12-25 21:42:03,NA,"LAGuerrillas",2020
1339342268512264192,"optic scufgaming heczquarters greenwall iu2019m rocking a xbox 360 controller hook a brother up",1282425402959560704,"Yelesiug",2020-12-16 22:50:55,"GreenWall","LAGuerrillas",2020
1342580352041279488,"on the 12th day of optic christmaswere giving away a brand new gaming setup

included are a controller headset keyboard mouse a gaming computer monitor amp a mavixchairs

tag a friend rt follow reply greenwall amp let us know why you deserve a brand new setup gl",1287958564695408640,"illusions_MacX",2020-12-25 21:17:54,NA,"LAGuerrillas",2020
1342582664835031040,"on the 12th day of optic christmaswere giving away a brand new gaming setup

included are a controller headset keyboard mouse a gaming computer monitor amp a mavixchairs

tag a friend rt follow reply greenwall amp let us know why you deserve a brand new setup gl",2708049788,"Chelnoble",2020-12-25 21:27:05,NA,"LAGuerrillas",2020
1339340594200588288,"optic scufgaming heczquarters greenwall",1481419051,"FuRy_S33KeR",2020-12-16 22:44:16,"Greenwall","LAGuerrillas",2020
1341774859433611264,"were at day 9 of optic christmas already tonight were giving away a new xbox series x lets get greenwall trending again

tomorrow were giving away a sick gamefuel influencer kit amp merch

reply greenwall tag a friend rt follow amp like for a chance to win",1191826617217245184,"DanStewart06",2020-12-23 15:57:10,"GreenWall","LAGuerrillas",2020
1343351953896529920,"this defense alone keeps us in games we shouldnu2019t even be in but a goal line stop and an awful interception thrown by goff is the difference  on to week 17 in a must win against arizona or we hope for a chicago loss larams",360737397,"SeanyRedd",2020-12-28 00:23:58,"LARams","LAGuerrillas",2020
1341557917737086976,"optic gamefuel greenwall brettrose",253093146,"Requiem_5E",2020-12-23 01:35:07,"GreenWall","LAGuerrillas",2020
1342584341700947968,"optic mavixchairs theestato greenwall if i win i would give it to my brother b mc i want my brother to have a good gaming and streaming setup so that he can start making content and play games at the highest quality",2848277991,"TylerFuzion",2020-12-25 21:33:45,"greenwall","LAGuerrillas",2020
1342636761521020928,"on the 12th day of optic christmaswere giving away a brand new gaming setup

included are a controller headset keyboard mouse a gaming computer monitor amp a mavixchairs

tag a friend rt follow reply greenwall amp let us know why you deserve a brand new setup gl",2924579415,"JoelRoze",2020-12-26 01:02:03,NA,"LAGuerrillas",2020
1341897562262007808,"optic gamefuel greenwall",749739158562897920,"RodanaterV3",2020-12-24 00:04:44,"GreenWall","LAGuerrillas",2020
1340080282150588416,"on the 5th day of optic christmas were giving away art pieces made by h3cz to 24 lucky winners

tomorrow well give away two zippogaming hand warmers with a heczquarters hoodie amp beanie to keep you warm for the holidays

rt follow amp reply greenwall for a chance to win",1282425402959560704,"Yelesiug",2020-12-18 23:43:31,NA,"LAGuerrillas",2020
1341643006638661632,"optic opticchi gamefuel greenwall  oskeegee",2757987673,"cap_murica25",2020-12-23 07:13:13,"GreenWall","LAGuerrillas",2020
1246566957559791616,"opticmaniac i like my secretlabchairs chair its similar to other gaming chairs but its well built compared to other gaming chairs ive tried make sure you get the titan",1113778322,"iiNs0mNiaK",2020-04-04 22:34:57,NA,"LAGuerrillas",2020
1297673034309013504,"game 5 round 11 1v1

chicago huntsmen win one of the wildest series in call of duty history over opticgaming la they have booked their ticket to championship weekend

bethehunter  cdlplayoffs  cdl2020",1272604586390499328,"EoinPorter3",2020-08-23 23:12:15,NA,"LAGuerrillas",2020
1339642358401560576,"optic scufgaming heczquarters greenwall",1213192036397899776,"YanyChandresh",2020-12-17 18:43:22,"Greenwall","LAGuerrillas",2020
1342733214041985024,"believe it or not that last guy was dead too u0001f602

cdl2021 cdlclips cdlchamps callofdutyleague callofdutymobile callofduty2021 codcomp scump hecz opticchicago codcommunity codclans codclips codclansrecruiting callofdutyblackopscoldwar callofduty callofdutycoldwar",1265939472857862144,"Akiracole1",2020-12-26 07:25:19,"cdl2021 cdlclips cdlchamps callofdutyleague callofdutymobile callofduty2021 codcomp Scump HecZ OpticChicago codcommunity codclans codclips codclansrecruiting callofdutyblackopscoldwar callofduty callofdutycoldwar","LAGuerrillas",2020
1298840531758395392,"opticgaming not surprised by what i see in the comments",855545806337835008,"SAssassin2133",2020-08-27 04:31:28,NA,"LAGuerrillas",2020
1342770330348249088,"on the 12th day of optic christmaswere giving away a brand new gaming setup

included are a controller headset keyboard mouse a gaming computer monitor amp a mavixchairs

tag a friend rt follow reply greenwall amp let us know why you deserve a brand new setup gl",1339886194981781504,"Mackovic_4TFG",2020-12-26 09:52:48,NA,"LAGuerrillas",2020
1341287207743549440,"the history and the culture of the org was part of my childhood thereu2019s nothing like the hectorseth opticu201d  dashyszn

opticchi rebranded and ready for the cdl2021 season",389785675,"SavageYamez",2020-12-22 07:39:24,NA,"LAGuerrillas",2020
1341535876040388608,"were at day 9 of optic christmas already tonight were giving away a new xbox series x lets get greenwall trending again

tomorrow were giving away a sick gamefuel influencer kit amp merch

reply greenwall tag a friend rt follow amp like for a chance to win",2330512964,"xSoto34",2020-12-23 00:07:32,"GreenWall","LAGuerrillas",2020
1339362933936164864,"optic scufgaming heczquarters greenwall",514972817,"KruzDG",2020-12-17 00:13:02,"GreenWall","LAGuerrillas",2020
1328059364758970368,"also with our cold war 25k launch event were also giving away a fully customizable scuf controller

be sure to likert this post following opticchi and scufgaming amp tag a friend below greenwall",1092806382,"XxEdMaduroxX",2020-11-15 19:36:41,NA,"LAGuerrillas",2020
1341879112370106368,"optic gamefuel greenwall",602313374,"_karst",2020-12-23 22:51:25,"GreenWall","LAGuerrillas",2020
1341546997266882560,"were at day 9 of optic christmas already tonight were giving away a new xbox series x lets get greenwall trending again

tomorrow were giving away a sick gamefuel influencer kit amp merch

reply greenwall tag a friend rt follow amp like for a chance to win",2466977406,"ZerosBlessed",2020-12-23 00:51:43,"GreenWall","LAGuerrillas",2020
1339665928632545280,"a conversation on league play rebirth island in cold war youtube boxing amp more 

episode 4 of the optic podcast is live

",701768647719555072,"0athbreaker",2020-12-17 20:17:01,NA,"LAGuerrillas",2020
1342722145894461440,"on the 12th day of optic christmaswere giving away a brand new gaming setup

included are a controller headset keyboard mouse a gaming computer monitor amp a mavixchairs

tag a friend rt follow reply greenwall amp let us know why you deserve a brand new setup gl",308581850,"lMUSE_iCl",2020-12-26 06:41:20,NA,"LAGuerrillas",2020
1340074940293328896,"on the 5th day of optic christmas were giving away art pieces made by h3cz to 24 lucky winners

tomorrow well give away two zippogaming hand warmers with a heczquarters hoodie amp beanie to keep you warm for the holidays

rt follow amp reply greenwall for a chance to win",391475378,"CharlesRayHilt",2020-12-18 23:22:17,NA,"LAGuerrillas",2020
1339777686722535424,"optic greenwall 3090  i want to make a gaming rig where i can perform at the highest level and i dont want to be held back anymore",2707731961,"IAmCJSAINT",2020-12-18 03:41:07,"GreenWall","LAGuerrillas",2020
1328057987781443584,"also with our cold war 25k launch event were also giving away a fully customizable scuf controller

be sure to likert this post following opticchi and scufgaming amp tag a friend below greenwall",814846350638678016,"TacoMan020",2020-11-15 19:31:13,NA,"LAGuerrillas",2020
1341544523789430784,"were at day 9 of optic christmas already tonight were giving away a new xbox series x lets get greenwall trending again

tomorrow were giving away a sick gamefuel influencer kit amp merch

reply greenwall tag a friend rt follow amp like for a chance to win",4744193009,"ItsDigitalMagz",2020-12-23 00:41:53,"GreenWall","LAGuerrillas",2020
1342732294012940288,"peekaboo

cdl2021 cdlclips cdlchamps callofdutyleague callofdutymobile callofduty2021 codcomp scump hecz opticchicago codcommunity codclans codclips codclansrecruiting callofdutyblackopscoldwar callofduty callofdutycoldwar",1265939472857862144,"Akiracole1",2020-12-26 07:21:40,"cdl2021 cdlclips cdlchamps callofdutyleague callofdutymobile callofduty2021 codcomp Scump HecZ OpticChicago codcommunity codclans codclips codclansrecruiting callofdutyblackopscoldwar callofduty callofdutycoldwar","LAGuerrillas",2020
1342579011998732288,"on the 12th day of optic christmaswere giving away a brand new gaming setup

included are a controller headset keyboard mouse a gaming computer monitor amp a mavixchairs

tag a friend rt follow reply greenwall amp let us know why you deserve a brand new setup gl",4891526419,"ajxrodriguezz",2020-12-25 21:12:35,NA,"LAGuerrillas",2020
1341529933206708224,"optic gamefuel greenwall headtrauma5",1282787235713220608,"xyenide",2020-12-22 23:43:55,"GreenWall","LAGuerrillas",2020
1297012315737460736,"bethehunter chicago huntsmen are going to defeat atlanta faze at cdlplayoffs watch the game saturday at 1pm pt4pm et on",598052328,"alexmorrow11",2020-08-22 03:26:48,"BeTheHunter CDLPlayoffs","LAGuerrillas",2020
1332254775333810176,"u201cfaze is just another powerhouse  itu2019s gonna be a good rivalry for sureu201d

formal thinks opticchi is u201c100u201d going to win cdl champs 2021 but that faze will be their toughest challenge u0001f624

",560252101,"Panthers_sTeVe",2020-11-27 09:27:45,NA,"LAGuerrillas",2020
1342642966532300800,"on the 12th day of optic christmaswere giving away a brand new gaming setup

included are a controller headset keyboard mouse a gaming computer monitor amp a mavixchairs

tag a friend rt follow reply greenwall amp let us know why you deserve a brand new setup gl",2757987673,"cap_murica25",2020-12-26 01:26:42,NA,"LAGuerrillas",2020
1341549897330339840,"optic gamefuel greenwall lucid602",1265939472857862144,"Akiracole1",2020-12-23 01:03:14,"GreenWall","LAGuerrillas",2020
1265396714812440576,"cdl2020 power rankings following the seattle home series u0001f3c6

royalravens u2b06ufe0f
opticgaming u2b06ufe0f
rokkr u2b07ufe0f
seattlesurge u2b07ufe0f

",1265388317614452736,"DutyCallsCDL",2020-05-26 21:37:41,"CDL2020","LAGuerrillas",2020
1338241652285030400,"optic greenwall the ps5 would be great if i had to choose really glad you guys are back keep killinu2019 the content game happy holidays",4153869620,"JAMTheBroskiii",2020-12-13 21:57:27,"Greenwall","LAGuerrillas",2020
1311760098348486656,"a new report has stated that h3cz has entered an agreement to reacquire the optic gaming brand",1309258119382433792,"LewisOgle1",2020-10-01 20:09:13,NA,"LAGuerrillas",2020
1297739939799543808,"game 5 round 11 1v1

chicago huntsmen win one of the wildest series in call of duty history over opticgaming la they have booked their ticket to championship weekend

bethehunter  cdlplayoffs  cdl2020",792895806,"Giilbs",2020-08-24 03:38:07,NA,"LAGuerrillas",2020
1341883641656455168,"on the 10th day of optic christmas were giving away an incredible cold war gamefuel crate filled with items to keep you warm for the holidays

rt follow amp reply greenwall amp well pick a winner tonight

stay tuned for tomorrows giveaway its gonna be u0001f525 trust",1048660302,"carl_pmo",2020-12-23 23:09:25,NA,"LAGuerrillas",2020
1342578416852238336,"on the 12th day of optic christmaswere giving away a brand new gaming setup

included are a controller headset keyboard mouse a gaming computer monitor amp a mavixchairs

tag a friend rt follow reply greenwall amp let us know why you deserve a brand new setup gl",1159323521887035392,"TheFSG",2020-12-25 21:10:13,NA,"LAGuerrillas",2020
1342580732506599424,"on the 12th day of optic christmaswere giving away a brand new gaming setup

included are a controller headset keyboard mouse a gaming computer monitor amp a mavixchairs

tag a friend rt follow reply greenwall amp let us know why you deserve a brand new setup gl",277818036,"dhowl101",2020-12-25 21:19:25,NA,"LAGuerrillas",2020
1341901200380334080,"optic gamefuel greenwall",1290346160771735552,"CougleNicholas",2020-12-24 00:19:12,"GreenWall","LAGuerrillas",2020
1342649479925817344,"on the 12th day of optic christmaswere giving away a brand new gaming setup

included are a controller headset keyboard mouse a gaming computer monitor amp a mavixchairs

tag a friend rt follow reply greenwall amp let us know why you deserve a brand new setup gl",929524143040729088,"OpHypnos",2020-12-26 01:52:35,NA,"LAGuerrillas",2020
1341557847419600896,"were at day 9 of optic christmas already tonight were giving away a new xbox series x lets get greenwall trending again

tomorrow were giving away a sick gamefuel influencer kit amp merch

reply greenwall tag a friend rt follow amp like for a chance to win",253093146,"Requiem_5E",2020-12-23 01:34:50,"GreenWall","LAGuerrillas",2020
1328061354100609024,"opticchi scufgaming sgreenhalgh14",1083269031291801600,"SlammingSammyyy",2020-11-15 19:44:35,NA,"LAGuerrillas",2020
1339335669462740992,"optic scufgaming heczquarters greenwall",2993301815,"Jake77OG",2020-12-16 22:24:41,"GREENWALL","LAGuerrillas",2020
1342594777058054144,"on the 12th day of optic christmaswere giving away a brand new gaming setup

included are a controller headset keyboard mouse a gaming computer monitor amp a mavixchairs

tag a friend rt follow reply greenwall amp let us know why you deserve a brand new setup gl",755687769943474176,"vazquezemilio18",2020-12-25 22:15:13,NA,"LAGuerrillas",2020
1341920510188335104,"optic gamefuel greenwall",1282425402959560704,"Yelesiug",2020-12-24 01:35:55,"GreenWall","LAGuerrillas",2020
1328055820349820928,"codleague opticchi fuck every single one of you",1288703541461352448,"ManuelS58709794",2020-11-15 19:22:36,NA,"LAGuerrillas",2020
1328058045402918912,"opticchi scufgaming jaden",1303093914807799808,"Loudgy8",2020-11-15 19:31:26,NA,"LAGuerrillas",2020
1340903481985654784,"optic h3cz zippogaming heczquarters greenwall",1265939472857862144,"Akiracole1",2020-12-21 06:14:37,"GreenWall","LAGuerrillas",2020
1326772962498916352,"optic amp 100t are both back in call of duty heading into a treyarch title

cdl is about to be the best itu2019s ever beenu0001f440",2231692340,"WorsterBrandon",2020-11-12 06:24:59,NA,"LAGuerrillas",2020
1342649054287843328,"on the 12th day of optic christmaswere giving away a brand new gaming setup

included are a controller headset keyboard mouse a gaming computer monitor amp a mavixchairs

tag a friend rt follow reply greenwall amp let us know why you deserve a brand new setup gl",764987937213775872,"i_Frostyy",2020-12-26 01:50:54,NA,"OpTicCHI",2020
1339336157931458560,"optic scufgaming heczquarters greenwall",1065017964909465600,"iDroopie",2020-12-16 22:26:38,"Greenwall","OpTicCHI",2020
1342590414193262592,"optic mavixchairs mooner everyone needs a new gaming setup no matter how good yours currently is greenwall",1242671906488082432,"ZoinkerM",2020-12-25 21:57:53,"GreenWall","OpTicCHI",2020
1342599100630499328,"on the 12th day of optic christmaswere giving away a brand new gaming setup

included are a controller headset keyboard mouse a gaming computer monitor amp a mavixchairs

tag a friend rt follow reply greenwall amp let us know why you deserve a brand new setup gl",803523697,"Failsxfe",2020-12-25 22:32:24,NA,"OpTicCHI",2020
1264694226316484608,"couragejd maven grazen opticgaming joedeluca",784170207946219520,"David_T714",2020-05-24 23:06:15,NA,"OpTicCHI",2020
1342675418235752448,"on the 12th day of optic christmaswere giving away a brand new gaming setup

included are a controller headset keyboard mouse a gaming computer monitor amp a mavixchairs

tag a friend rt follow reply greenwall amp let us know why you deserve a brand new setup gl",2753830114,"Dylan_ParKer98",2020-12-26 03:35:40,NA,"OpTicCHI",2020
1341792736379322368,"were at day 9 of optic christmas already tonight were giving away a new xbox series x lets get greenwall trending again

tomorrow were giving away a sick gamefuel influencer kit amp merch

reply greenwall tag a friend rt follow amp like for a chance to win",1144056880374919168,"B4sythe_2033",2020-12-23 17:08:12,"GreenWall","OpTicCHI",2020
1328057377036398592,"also with our cold war 25k launch event were also giving away a fully customizable scuf controller

be sure to likert this post following opticchi and scufgaming amp tag a friend below greenwall",3428734767,"reiffa1",2020-11-15 19:28:47,NA,"OpTicCHI",2020
1340071855982567424,"optic h3cz zippogaming heczquarters greenwall",332085910,"Emmure_Cult",2020-12-18 23:10:02,"GreenWall","OpTicCHI",2020
1342633768457277440,"on the 12th day of optic christmaswere giving away a brand new gaming setup

included are a controller headset keyboard mouse a gaming computer monitor amp a mavixchairs

tag a friend rt follow reply greenwall amp let us know why you deserve a brand new setup gl",473583860,"excBackst0pJR",2020-12-26 00:50:09,NA,"OpTicCHI",2020
1341922264615272448,"optic gamefuel greenwall",1027219876127985664,"cshearer_20",2020-12-24 01:42:54,"GreenWall","OpTicCHI",2020
1297515093056294912,"the reaction from the chicago huntsmen after yesterday<U+2019>s win vs the new york subliners face with steam from nose

bethehunter  cdlplayoffs  cdl2020",1262703984873140224,"BenPipe38215604",2020-08-23 12:44:39,NA,"OpTicCHI",2020
1342599798420074496,"optic mavixchairs tavohp is my witness that i need this bad tired face i have spent over 2700 on 2 different gaming pcs that has had the same issue constantly restarts none stop i<U+2019>ve tried to start my content grind but this has pause i<U+2019>ve been dealing with this for about 5 months now",803523697,"Failsxfe",2020-12-25 22:35:10,NA,"OpTicCHI",2020
1341879130065956864,"on the 10th day of optic christmas were giving away an incredible cold war gamefuel crate filled with items to keep you warm for the holidays

rt follow amp reply greenwall amp well pick a winner tonight

stay tuned for tomorrows giveaway its gonna be fire trust",872910712611450880,"JustinScherrman",2020-12-23 22:51:30,NA,"OpTicCHI",2020
1341532213188435968,"optic gamefuel greenwall lisafuss3",3392889676,"DrFuss111",2020-12-22 23:52:58,"GreenWall","OpTicCHI",2020
1296183133751173120,"repping opticgaming for tonight<U+2019>s match at worldsbedford  watch party",251065807,"IceZAtli",2020-08-19 20:31:55,NA,"OpTicCHI",2020
1341533973176963072,"optic gamefuel greenwall panbhito yerrrrrr",2668396160,"JorgeEliaas",2020-12-22 23:59:58,"Greenwall","OpTicCHI",2020
1248762401056571392,"opticgaming rundown xbox one fire",1245493792762986496,"diemer_z",2020-04-10 23:58:51,NA,"OpTicCHI",2020
1341962967668166656,"optic gamefuel greenwall",1412660036,"DefiantFP1",2020-12-24 04:24:38,"GreenWall","OpTicCHI",2020
1340071668845305856,"on the 5th day of optic christmas were giving away art pieces made by h3cz to 24 lucky winners

tomorrow well give away two zippogaming hand warmers with a heczquarters hoodie amp beanie to keep you warm for the holidays

rt follow amp reply greenwall for a chance to win",332085910,"Emmure_Cult",2020-12-18 23:09:17,NA,"OpTicCHI",2020
1341529943642169344,"optic gamefuel natedermer greenwall",3518468725,"SWITCHBLADEGG",2020-12-22 23:43:57,"GreenWall","OpTicCHI",2020
1339481080861175808,"optic scufgaming heczquarters greenwall",800000239692349440,"Brenesl7",2020-12-17 08:02:30,"GreenWall","OpTicCHI",2020
1342600119540191232,"on the 12th day of optic christmaswere giving away a brand new gaming setup

included are a controller headset keyboard mouse a gaming computer monitor amp a mavixchairs

tag a friend rt follow reply greenwall amp let us know why you deserve a brand new setup gl",4496545157,"Discured_",2020-12-25 22:36:27,NA,"OpTicCHI",2020
1342590792200822784,"on the 12th day of optic christmaswere giving away a brand new gaming setup

included are a controller headset keyboard mouse a gaming computer monitor amp a mavixchairs

tag a friend rt follow reply greenwall amp let us know why you deserve a brand new setup gl",2771331529,"TheRealRonin416",2020-12-25 21:59:23,NA,"OpTicCHI",2020
1342686379059404800,"on the 12th day of optic christmaswere giving away a brand new gaming setup

included are a controller headset keyboard mouse a gaming computer monitor amp a mavixchairs

tag a friend rt follow reply greenwall amp let us know why you deserve a brand new setup gl",1065017964909465600,"iDroopie",2020-12-26 04:19:13,NA,"OpTicCHI",2020
1341567830618230784,"were at day 9 of optic christmas already tonight were giving away a new xbox series x lets get greenwall trending again

tomorrow were giving away a sick gamefuel influencer kit amp merch

reply greenwall tag a friend rt follow amp like for a chance to win",1642427923,"_ThatsAJ",2020-12-23 02:14:30,"GreenWall","OpTicCHI",2020
1342596481413427200,"optic mavixchairs kenztheengineer i don<U+2019>t think i deserve it anymore than the next guy but it would help the quality of my work and my enjoyment of pc gaming increase",1296154845355925504,"bryan_munnings",2020-12-25 22:22:00,NA,"OpTicCHI",2020
1342578884164767744,"on the 12th day of optic christmaswere giving away a brand new gaming setup

included are a controller headset keyboard mouse a gaming computer monitor amp a mavixchairs

tag a friend rt follow reply greenwall amp let us know why you deserve a brand new setup gl",799374084609953792,"krazyboar",2020-12-25 21:12:04,NA,"OpTicCHI",2020
1341962917927858176,"on the 10th day of optic christmas were giving away an incredible cold war gamefuel crate filled with items to keep you warm for the holidays

rt follow amp reply greenwall amp well pick a winner tonight

stay tuned for tomorrows giveaway its gonna be fire trust",1412660036,"DefiantFP1",2020-12-24 04:24:26,NA,"OpTicCHI",2020
1339376011604086784,"optic scufgaming heczquarters greenwall",764987937213775872,"i_Frostyy",2020-12-17 01:05:00,"GreenWall","OpTicCHI",2020
1340071924706250752,"on the 5th day of optic christmas were giving away art pieces made by h3cz to 24 lucky winners

tomorrow well give away two zippogaming hand warmers with a heczquarters hoodie amp beanie to keep you warm for the holidays

rt follow amp reply greenwall for a chance to win",996482995,"Exalted_S1MPDY",2020-12-18 23:10:18,NA,"OpTicCHI",2020
1338941819187556352,"optic who<U+2019>s the best in the game",450400256,"stromhawkins1",2020-12-15 20:19:40,NA,"OpTicCHI",2020
1310359105140383744,"retweet for a chance to win an autographed eloy jim<U+00E9>nez baseball 7 lucky fans will win soxfansweepstakes

no purch nec enter by the conclusion of the chicago white sox game on september 27 2020",705833820545802240,"roperbros1122",2020-09-27 23:22:10,"SoxFanSweepstakes","OpTicCHI",2020
1341896708733603840,"optic gamefuel greenwall",1242671906488082432,"ZoinkerM",2020-12-24 00:01:21,"GreenWall","OpTicCHI",2020
1298346501811384320,"bethehunter chicago huntsmen will win cdlchamps watch this weekend at",1284995947223711744,"onealhector20",2020-08-25 19:48:22,"BeTheHunter CDLChamps","OpTicCHI",2020
1339442058336083968,"optic scufgaming heczquarters xbox one greenwall all way babyyyy",1189677787885518848,"sShiroShin",2020-12-17 05:27:26,"GreenWall","OpTicCHI",2020
1328064519583768576,"also with our cold war 25k launch event were also giving away a fully customizable scuf controller

be sure to likert this post following opticchi and scufgaming amp tag a friend below greenwall",919088718,"GeogheganDaniel",2020-11-15 19:57:10,NA,"OpTicCHI",2020
1221360869155778560,"utopiandusk opticgaming parislegion huntsmen cap clown face",2756291448,"carni_vF",2020-01-26 09:14:57,NA,"OpTicCHI",2020
1341953440159817728,"optic gamefuel greenwall",1004926935208734720,"Alex64387228",2020-12-24 03:46:47,"GreenWall","OpTicCHI",2020
1342595492841058304,"on the 12th day of optic christmaswere giving away a brand new gaming setup

included are a controller headset keyboard mouse a gaming computer monitor amp a mavixchairs

tag a friend rt follow reply greenwall amp let us know why you deserve a brand new setup gl",2274257917,"Dom_Watt99",2020-12-25 22:18:04,NA,"OpTicCHI",2020
1341915104535838720,"optic gamefuel greenwall",1714285802,"Oxy_mG",2020-12-24 01:14:27,"greenwall","OpTicCHI",2020
1231753500670992384,"up next cdl la hosted by laguerrillas amp opticgaming march 78 

huntsmen royal ravens legion amp ultra will not be attending 

full schdule buy tickets",729004818891673600,"Orbltxl",2020-02-24 01:31:34,NA,"OpTicCHI",2020
1297719482924834816,"matteo71994794 hypebeastninja yourboitristan1 opticgaming huntsmen inspired by scump per<U+00F3> tifi optic ma ti dai una svegliata",894090944018096128,"JamesCOD12",2020-08-24 02:16:49,NA,"OpTicCHI",2020
1341930133704175616,"optic gamefuel greenwall",3268340292,"LpG_DeFiance",2020-12-24 02:14:10,"GreenWall","OpTicCHI",2020
1341537284655632384,"optic gamefuel greenwall tayznightshade",746603924556255232,"IScriptedI",2020-12-23 00:13:07,"GreenWall","OpTicCHI",2020
1342580838479880192,"on the 12th day of optic christmaswere giving away a brand new gaming setup

included are a controller headset keyboard mouse a gaming computer monitor amp a mavixchairs

tag a friend rt follow reply greenwall amp let us know why you deserve a brand new setup gl",2991522058,"TessmerJoshua",2020-12-25 21:19:50,NA,"OpTicCHI",2020
1297675271303290880,"opticgaming huntsmen slashers optic my arse",3296152595,"craigengland14",2020-08-23 23:21:08,NA,"OpTicCHI",2020
1341895129049665536,"optic gamefuel greenwall",2323342874,"Joggles21",2020-12-23 23:55:04,"GreenWall","OpTicCHI",2020
1328095774119440384,"also with our cold war 25k launch event were also giving away a fully customizable scuf controller

be sure to likert this post following opticchi and scufgaming amp tag a friend below greenwall",322216400,"Nathan_L_97",2020-11-15 22:01:22,NA,"OpTicCHI",2020
1339859331827818496,"optic scufgaming heczquarters greenwall for life",1652425087,"Itz_DiNt",2020-12-18 09:05:32,"greenwall","OpTicCHI",2020
1342580563698458624,"on the 12th day of optic christmaswere giving away a brand new gaming setup

included are a controller headset keyboard mouse a gaming computer monitor amp a mavixchairs

tag a friend rt follow reply greenwall amp let us know why you deserve a brand new setup gl",1260663438822514688,"ruttzz17",2020-12-25 21:18:44,NA,"OpTicCHI",2020
1342590777705291776,"optic mavixchairs concharonin i<U+2019>m moving to my first one bedroom apartment soon and i<U+2019>m gonna need a new setup to watch cdl greenwall",2771331529,"TheRealRonin416",2020-12-25 21:59:20,"Greenwall","OpTicCHI",2020
1341577036893175808,"optic opticchi gamefuel",1066203134895247360,"ER1Cv",2020-12-23 02:51:05,NA,"OpTicCHI",2020
1310307710584356864,"retweet for a chance to win an autographed luis robert baseball 8 lucky fans will win soxfansweepstakes 

no purch nec enter by the conclusion of the chicago white sox game on september 27 2020",1668245857,"joeyreilley",2020-09-27 19:57:57,"SoxFanSweepstakes","OpTicCHI",2020
1339372878177943552,"optic scufgaming heczquarters greenwall",408571680,"Cody_wright44",2020-12-17 00:52:33,"GreenWall","OpTicCHI",2020
1342583869640495104,"on the 12th day of optic christmaswere giving away a brand new gaming setup

included are a controller headset keyboard mouse a gaming computer monitor amp a mavixchairs

tag a friend rt follow reply greenwall amp let us know why you deserve a brand new setup gl",3392889676,"DrFuss111",2020-12-25 21:31:53,NA,"OpTicCHI",2020
1339341187224887296,"we continue with day 3 of optic christmas as were giving away a scufgaming controller of your choice whether it be for ps or xbox

reply greenwall for a chance to win

stay tuned for day 4 as we got some fire were giving away from the heczquarters",3355295571,"decoboy09",2020-12-16 22:46:37,NA,"OpTicCHI",2020
1340399289349120000,"on the 5th day of optic christmas were giving away art pieces made by h3cz to 24 lucky winners

tomorrow well give away two zippogaming hand warmers with a heczquarters hoodie amp beanie to keep you warm for the holidays

rt follow amp reply greenwall for a chance to win",1004926935208734720,"Alex64387228",2020-12-19 20:51:08,NA,"OpTicCHI",2020
1341883356221345792,"optic gamefuel greenwall",2205413132,"HappyFeet1025",2020-12-23 23:08:17,"GreenWall","OpTicCHI",2020
1342595844596445184,"on the 12th day of optic christmaswere giving away a brand new gaming setup

included are a controller headset keyboard mouse a gaming computer monitor amp a mavixchairs

tag a friend rt follow reply greenwall amp let us know why you deserve a brand new setup gl",1296154845355925504,"bryan_munnings",2020-12-25 22:19:28,NA,"OpTicCHI",2020
1341529610215960576,"were at day 9 of optic christmas already tonight were giving away a new xbox series x lets get greenwall trending again

tomorrow were giving away a sick gamefuel influencer kit amp merch

reply greenwall tag a friend rt follow amp like for a chance to win",3518468725,"SWITCHBLADEGG",2020-12-22 23:42:38,"GreenWall","OpTicCHI",2020
1341922183686328320,"on the 10th day of optic christmas were giving away an incredible cold war gamefuel crate filled with items to keep you warm for the holidays

rt follow amp reply greenwall amp well pick a winner tonight

stay tuned for tomorrows giveaway its gonna be fire trust",1027219876127985664,"cshearer_20",2020-12-24 01:42:34,NA,"OpTicCHI",2020
1343629243750653952,"prize giveaway update last day to enter to win the chicago cubs nico hoerner autographed inscribed go cubs baseball and the adidas mlb issued size xl batting gloves to enter follow me and retweet winner announced tonight cubs nbcscubs  mlb cubs giveaways payitforward",1002792417274150912,"FloraMunguia",2020-12-28 18:45:49,NA,"OpTicCHI",2020
1341751945099419648,"optic h3cz gamefuel ricoodg",1285914780050628608,"VVOLFG",2020-12-23 14:26:06,NA,"OpTicCHI",2020
1343078518620528640,"congrats to the old guys chicago your 4v4 charity tournament champions despite being bracket reset and going to game 5 they pull it out and take the win",2355572857,"SilencedTjV",2020-12-27 06:17:26,NA,"OpTicCHI",2020
1341895071570903040,"on the 10th day of optic christmas were giving away an incredible cold war gamefuel crate filled with items to keep you warm for the holidays

rt follow amp reply greenwall amp well pick a winner tonight

stay tuned for tomorrows giveaway its gonna be fire trust",2323342874,"Joggles21",2020-12-23 23:54:50,NA,"OpTicCHI",2020
1341926488128573440,"optic h3cz gamefuel greenwall",850148621479800832,"Huffy_US",2020-12-24 01:59:41,"GreenWall","OpTicCHI",2020
1339556445445124096,"optic scufgaming heczquarters greenwall",212561901,"ToMdinham",2020-12-17 13:01:59,"GreenWall","OpTicCHI",2020
1298631330482331648,"bethehunter chicago huntsmen will win cdlchamps watch this weekend at",1.263197990594e+18,"MamasWifi",2020-08-26 14:40:11,"BeTheHunter CDLChamps","OpTicCHI",2020
1343028556079788032,"live playing 3v3 snd gamebattles with the sossauge and e2capetv come vibe love-you gesture twitchstreamer twitchtv twitchgaming streamers streamer ttv callofduty cdl2021 opticgaming greenwalll coldwar 3v3",1170143996783550464,"e2capetv",2020-12-27 02:58:54,"Gamebattles twitchstreamer","OpTicCHI",2020
1296960710963081216,"bethehunter chicago huntsmen are going to defeat atlanta faze at cdlplayoffs watch the game saturday at 1pm pt4pm et on",1274435991487594496,"Matthew67636692",2020-08-22 00:01:44,"BeTheHunter CDLPlayoffs","OpTicCHI",2020
1341567869860065280,"optic gamefuel itzhrpr",1642427923,"_ThatsAJ",2020-12-23 02:14:39,NA,"OpTicCHI",2020
1326609528687833088,"blakecissel hitchariide scufgaming h3cz optic turtlebeach gamefuel blakeeeey thats huge",1144852407240798208,"Tundra_CoD",2020-11-11 19:35:33,NA,"OpTicCHI",2020
1342535707718418432,"classicgoat opticchi every damn match feels like game 5 round 11 for the cdl championship",43556443,"hitemhard99",2020-12-25 18:20:30,NA,"OpTicCHI",2020
1341259802740224000,"the history and the culture of the org was part of my childhood there<U+2019>s nothing like the hectorseth optic<U+201D>  dashyszn

opticchi rebranded and ready for the cdl2021 season",2268064821,"Jorgrizzy",2020-12-22 05:50:31,NA,"OpTicCHI",2020
1341532631452807168,"were at day 9 of optic christmas already tonight were giving away a new xbox series x lets get greenwall trending again

tomorrow were giving away a sick gamefuel influencer kit amp merch

reply greenwall tag a friend rt follow amp like for a chance to win",2224165484,"waldo_013",2020-12-22 23:54:38,"GreenWall","OpTicCHI",2020
1328064678359085056,"opticchi scufgaming jeeddj  i want it face with tears of joyface with tears of joy",919088718,"GeogheganDaniel",2020-11-15 19:57:48,NA,"OpTicCHI",2020
1342677421624086528,"on the 12th day of optic christmaswere giving away a brand new gaming setup

included are a controller headset keyboard mouse a gaming computer monitor amp a mavixchairs

tag a friend rt follow reply greenwall amp let us know why you deserve a brand new setup gl",413557391,"RemixxFTW",2020-12-26 03:43:37,NA,"OpTicCHI",2020
1342746646308917248,"optic mavixchairs jonesylul greenwall i dont have the money to get a new gaming setup my pc keeps crashing and freezing every 3 hours so i have to restart it all my friends have pc and i want to play new games that are out for pc and not console",1049079339810209792,"ArazuX0",2020-12-26 08:18:42,"GreenWall","OpTicCHI",2020
1342582804010463232,"on the 12th day of optic christmaswere giving away a brand new gaming setup

included are a controller headset keyboard mouse a gaming computer monitor amp a mavixchairs

tag a friend rt follow reply greenwall amp let us know why you deserve a brand new setup gl",2848277991,"TylerFuzion",2020-12-25 21:27:39,NA,"OpTicCHI",2020
1340175260767965184,"optic opticchi h3cz zippogaming heczquarters greenwall",957649540391342080,"Real_MVG_Greg",2020-12-19 06:00:56,"GreenWall","OpTicCHI",2020
1342582094778789888,"optic opticchi mavixchairs greekgodx i am going on 1 12 years sober from drugs and alcohol gaming is my new hobby instead of losing my life to xanax i play on a first gen xbox that can barely load a game without crashing hate saying i deserve anything besides my continued sobriety greenwall",1260663438822514688,"ruttzz17",2020-12-25 21:24:50,"greenwall","OpTicCHI",2020
1342579384272748544,"on the 12th day of optic christmaswere giving away a brand new gaming setup

included are a controller headset keyboard mouse a gaming computer monitor amp a mavixchairs

tag a friend rt follow reply greenwall amp let us know why you deserve a brand new setup gl",793495173766455296,"DannySilence_",2020-12-25 21:14:03,NA,"OpTicCHI",2020
1328057503591100416,"opticchi scufgaming oklddo",3428734767,"reiffa1",2020-11-15 19:29:17,NA,"OpTicCHI",2020
1341887302193315840,"optic gamefuel greenwall",1170143996783550464,"e2capetv",2020-12-23 23:23:58,"GreenWall","OpTicCHI",2020
1342601565845270528,"on the 12th day of optic christmaswere giving away a brand new gaming setup

included are a controller headset keyboard mouse a gaming computer monitor amp a mavixchairs

tag a friend rt follow reply greenwall amp let us know why you deserve a brand new setup gl",697961795059748864,"Ajoyce1125",2020-12-25 22:42:12,NA,"OpTicCHI",2020
1342667010694643712,"on the 12th day of optic christmaswere giving away a brand new gaming setup

included are a controller headset keyboard mouse a gaming computer monitor amp a mavixchairs

tag a friend rt follow reply greenwall amp let us know why you deserve a brand new setup gl",2998733498,"Razorx__",2020-12-26 03:02:15,NA,"OpTicCHI",2020
1341532067365072896,"were at day 9 of optic christmas already tonight were giving away a new xbox series x lets get greenwall trending again

tomorrow were giving away a sick gamefuel influencer kit amp merch

reply greenwall tag a friend rt follow amp like for a chance to win",1004926935208734720,"Alex64387228",2020-12-22 23:52:23,"GreenWall","OpTicCHI",2020
1339350058916057088,"optic scufgaming heczquarters greenwall",3342552772,"cameron_spear",2020-12-16 23:21:52,"GreenWall","OpTicCHI",2020
1341926414690512896,"on the 10th day of optic christmas were giving away an incredible cold war gamefuel crate filled with items to keep you warm for the holidays

rt follow amp reply greenwall amp well pick a winner tonight

stay tuned for tomorrows giveaway its gonna be fire trust",850148621479800832,"Huffy_US",2020-12-24 01:59:23,NA,"OpTicCHI",2020
1311776237656985600,"h3cz has reacquired opticgaming in a deal separate from his association with nrggg according to sources will look to divest the los angeles cdl slot pending league approval on both the acquisition and sale
",955258868,"kaganjohnson",2020-10-01 21:13:21,NA,"OpTicCHI",2020
1341896656078311424,"on the 10th day of optic christmas were giving away an incredible cold war gamefuel crate filled with items to keep you warm for the holidays

rt follow amp reply greenwall amp well pick a winner tonight

stay tuned for tomorrows giveaway its gonna be fire trust",1242671906488082432,"ZoinkerM",2020-12-24 00:01:08,NA,"OpTicCHI",2020
1341533864137658368,"were at day 9 of optic christmas already tonight were giving away a new xbox series x lets get greenwall trending again

tomorrow were giving away a sick gamefuel influencer kit amp merch

reply greenwall tag a friend rt follow amp like for a chance to win",2668396160,"JorgeEliaas",2020-12-22 23:59:32,"GreenWall","OpTicCHI",2020
1343494132430462976,"xfinity rogerhodgson fuck your 12 gig data cap had i known youd add this shit after starting our service i wouldnt have chose you and gamer grade internet is ass ping latency is shit fiber optic is the way to go",2177878231,"TrevorL63218718",2020-12-28 09:48:56,NA,"OpTicCHI",2020
1342584341700947968,"optic mavixchairs theestato greenwall if i win i would give it to my brother b mc i want my brother to have a good gaming and streaming setup so that he can start making content and play games at the highest quality",2848277991,"TylerFuzion",2020-12-25 21:33:45,"greenwall","OpTicCHI",2020
1296973834818486272,"ezaf atlanta faze are going to defeat chicago huntsmen at cdlplayoffs watch the game saturday at 1pm pt4pm et on",2218981770,"UnKnwnLifeForce",2020-08-22 00:53:53,"EZAF CDLPlayoffs","OpTicCHI",2020
1326918626264428544,"hastr0 codleague dallas envyus imo before yesterday i would have said chi should keep huntsmen but seeing how 
h3cz has brought the real optic back it shows how different cod esports is to other esports",1326885328607645696,"SquashMyster",2020-11-12 16:03:48,NA,"OpTicCHI",2020
1341530332781301760,"optic gamefuel greenwall adamhodkinsonn",336283478,"DeanGeaney",2020-12-22 23:45:30,"GreenWall","OpTicCHI",2020
1222998483713646592,"upwards button parislegion  royalravens 

downwards button opticgaming  subliners 

rankings after a wild weekend in minnesota for the cdl2020 

",1500320155,"esportsNOW",2020-01-30 21:42:15,NA,"OpTicCHI",2020
1341914806903861248,"were at day 9 of optic christmas already tonight were giving away a new xbox series x lets get greenwall trending again

tomorrow were giving away a sick gamefuel influencer kit amp merch

reply greenwall tag a friend rt follow amp like for a chance to win",1714285802,"Oxy_mG",2020-12-24 01:13:16,"GreenWall","OpTicCHI",2020
1328066657626042368,"also with our cold war 25k launch event were also giving away a fully customizable scuf controller

be sure to likert this post following opticchi and scufgaming amp tag a friend below greenwall",912265157140795392,"MrCarlCobb",2020-11-15 20:05:40,NA,"OpTicCHI",2020
1232074816552759296,"the opticgaming comms during the astrogaming listen in were an absolutely wild ride",3083274468,"fitzbruh",2020-02-24 22:48:21,NA,"OpTicCHI",2020
1342594505875271680,"on the 12th day of optic christmaswere giving away a brand new gaming setup

included are a controller headset keyboard mouse a gaming computer monitor amp a mavixchairs

tag a friend rt follow reply greenwall amp let us know why you deserve a brand new setup gl",721396381181616128,"xSwamlx",2020-12-25 22:14:09,NA,"OpTicCHI",2020
1341883292728008704,"on the 10th day of optic christmas were giving away an incredible cold war gamefuel crate filled with items to keep you warm for the holidays

rt follow amp reply greenwall amp well pick a winner tonight

stay tuned for tomorrows giveaway its gonna be fire trust",2205413132,"HappyFeet1025",2020-12-23 23:08:02,NA,"OpTicCHI",2020
1341570552276914176,"optic gamefuel greenwall",4760061392,"iXtremity_",2020-12-23 02:25:19,"GreenWall","rokkr",2020
1342910571600080896,"on the 12th day of optic christmaswere giving away a brand new gaming setup

included are a controller headset keyboard mouse a gaming computer monitor amp a mavixchairs

tag a friend rt follow reply greenwall amp let us know why you deserve a brand new setup gl",854296705935822848,"Mikiedaly98",2020-12-26 19:10:04,NA,"rokkr",2020
1341913039847763968,"on the 10th day of optic christmas were giving away an incredible cold war gamefuel crate filled with items to keep you warm for the holidays

rt follow amp reply greenwall amp well pick a winner tonight

stay tuned for tomorrows giveaway its gonna be u0001f525 trust",4760061392,"iXtremity_",2020-12-24 01:06:14,NA,"rokkr",2020
1340125166513369088,"optic h3cz zippogaming heczquarters greenwall",743525149,"BLACKWIDOWx429",2020-12-19 02:41:52,"GreenWall","rokkr",2020
1340072665088991232,"optic h3cz zippogaming heczquarters greenwall",2373177001,"Dom_CoD_",2020-12-18 23:13:15,"GreenWall","rokkr",2020
1327271811680243712,"v2slays opticgaming benlecrois big mad u0001f602u0001f602",806906917,"SchmidBen",2020-11-13 15:27:14,NA,"rokkr",2020
1258372408622239744,"if a trade with opticgaming doesnu2019t happen the huntsmen should give jordongeneral a chance to be the third smg he looks good in scrims and people forget his team got 4th at last years champs",1258359053845057536,"CODinput",2020-05-07 12:25:36,NA,"rokkr",2020
1342270121679745024,"optic i need the 3090 because itll be a step forward towards not playing on my laptop anymore greenwall",4092472333,"papijalipe",2020-12-25 00:45:09,"GreenWall","rokkr",2020
1339348969839882240,"optic scufgaming heczquarters greenwall",143456181,"Asger3000",2020-12-16 23:17:32,"GreenWall","rokkr",2020
1341884100467183616,"on the 10th day of optic christmas were giving away an incredible cold war gamefuel crate filled with items to keep you warm for the holidays

rt follow amp reply greenwall amp well pick a winner tonight

stay tuned for tomorrows giveaway its gonna be u0001f525 trust",2161570224,"YellowWhale_",2020-12-23 23:11:15,NA,"rokkr",2020
1341556214992236544,"optic gamefuel greenwall calamansii tfkobr4",1248141708451180544,"TechzyGG",2020-12-23 01:28:21,"Greenwall","rokkr",2020
1341892821947715584,"optic gamefuel greenwall",1273343912288096256,"oaanrOxc7",2020-12-23 23:45:54,"GreenWall","rokkr",2020
1343482605233061888,"hey everybody gonna be playing rocket league tommorow come by lets get this community growing and thank you everyone smallstreamer twitchcommunity needviewers gamertag 100thieves tsm opticchi soargaming apex is tuesday",1164881589224034304,"NowayzT",2020-12-28 09:03:08,"smallstreamer twitchcommunity needviewers gamertag","rokkr",2020
1252317411958808576,"cod chicago u0001f4c5 244u23f1 2200

u0001f3ae chicago winner

u270dufe0f atlanta fazeu00a0  237

u0001f4b3 3ubet365

going with atlanta faze as outright winners here their nemesis minnesota rokkr does not participate in this tourney",3386066921,"eSportsMB",2020-04-20 19:25:12,NA,"rokkr",2020
1340297721941544960,"optic h3cz zippogaming heczquarters greenwall",707080228997357568,"ImKamsterr",2020-12-19 14:07:33,"GreenWall","rokkr",2020
1327003095952461824,"codleague chicago is now chicago optic",1157768210168647680,"Metalllz",2020-11-12 21:39:27,NA,"rokkr",2020
1341555985186361344,"were at day 9 of optic christmas already tonight were giving away a new xbox series x lets get greenwall trending again

tomorrow were giving away a sick gamefuel influencer kit amp merch

reply greenwall tag a friend rt follow amp like for a chance to win",1248141708451180544,"TechzyGG",2020-12-23 01:27:26,"GreenWall","rokkr",2020
1341879571289927680,"optic gamefuel greenwall",290474957,"Hudsy_Bear_",2020-12-23 22:53:15,"GreenWall","rokkr",2020
1273016774406148096,"opticgaming",840451137128022016,"Fenwxy",2020-06-16 22:17:05,NA,"rokkr",2020
1301947267436482560,"if these rumored teams ended up becoming a reality which team would you rather have heading into the 2021 season 

retweet for huntsmen like for faze amp reply for optic gaming",1264341826179399680,"Paradoxesport11",2020-09-04 18:16:32,NA,"rokkr",2020
1342578901181034496,"on the 12th day of optic christmaswere giving away a brand new gaming setup

included are a controller headset keyboard mouse a gaming computer monitor amp a mavixchairs

tag a friend rt follow reply greenwall amp let us know why you deserve a brand new setup gl",3406019715,"jscrivy12",2020-12-25 21:12:08,NA,"rokkr",2020
1342596208125210624,"on the 12th day of optic christmaswere giving away a brand new gaming setup

included are a controller headset keyboard mouse a gaming computer monitor amp a mavixchairs

tag a friend rt follow reply greenwall amp let us know why you deserve a brand new setup gl",4760061392,"iXtremity_",2020-12-25 22:20:54,NA,"rokkr",2020
1296928386124783616,"opticgaming if yu2019all ever lose in the playoffs i have a great video waitingu0001f602",1296925327193776128,"codleaguememes",2020-08-21 21:53:17,NA,"rokkr",2020
1341879754807529472,"optic gamefuel greenwall",1107969084,"SDAX55",2020-12-23 22:53:59,"GreenWall","rokkr",2020
1339335583009701888,"optic scufgaming heczquarters greenwall",2899378366,"Thee_CoopJ24",2020-12-16 22:24:21,"GreenWall","rokkr",2020
1259631384399880192,"the atlfaze take down the subliners in another 5 game thriller and will advance to the finals to take on optic gaming
atlfaze ezaf cdl2020",1258764467095179264,"StATz23",2020-05-10 23:48:19,"atlfaze ezaf CDL2020","rokkr",2020
1326948321471188992,"optic x cold war

tune in sunday as we host the call of duty cold war launch event powered by scufgaming with 25000 on the line competitive formatruleset only

see you november 15th 1p ct at greenwall",1302399830027898880,"imHyperRex",2020-11-12 18:01:48,NA,"rokkr",2020
1342590792200822784,"on the 12th day of optic christmaswere giving away a brand new gaming setup

included are a controller headset keyboard mouse a gaming computer monitor amp a mavixchairs

tag a friend rt follow reply greenwall amp let us know why you deserve a brand new setup gl",2771331529,"TheRealRonin416",2020-12-25 21:59:23,NA,"rokkr",2020
1339350388764520448,"optic scufgaming heczquarters greenwall",1260376893905387520,"LJAllen_",2020-12-16 23:23:11,"GreenWall","rokkr",2020
1328166072818814976,"opticchi scufgaming pattisonwyatt",1246230481881849856,"KaiynMcdonald",2020-11-16 02:40:42,NA,"rokkr",2020
1342579809109630976,"optic mavixchairs greenwall i dont need the setup by my friend rendallryan does so we can play warzone",2602556390,"14codybonner1",2020-12-25 21:15:45,"GreenWall","rokkr",2020
1341879694812184576,"on the 10th day of optic christmas were giving away an incredible cold war gamefuel crate filled with items to keep you warm for the holidays

rt follow amp reply greenwall amp well pick a winner tonight

stay tuned for tomorrows giveaway its gonna be u0001f525 trust",1107969084,"SDAX55",2020-12-23 22:53:44,NA,"rokkr",2020
1340232292254556160,"optic h3cz zippogaming heczquarters greenwall",1492758138,"CJLBM7",2020-12-19 09:47:33,"GreenWall","rokkr",2020
1326630529681285120,"100t is back
optic is back
treyarch is back

cdl lookin good for 2021",3418551438,"KyleClax",2020-11-11 20:59:00,NA,"rokkr",2020
1342643838305886208,"on the 12th day of optic christmaswere giving away a brand new gaming setup

included are a controller headset keyboard mouse a gaming computer monitor amp a mavixchairs

tag a friend rt follow reply greenwall amp let us know why you deserve a brand new setup gl",1400936492,"Colman__NA",2020-12-26 01:30:10,NA,"rokkr",2020
1341884129160343552,"optic gamefuel greenwall",4092472333,"papijalipe",2020-12-23 23:11:22,"GreenWall","rokkr",2020
1342578648575053824,"on the 12th day of optic christmaswere giving away a brand new gaming setup

included are a controller headset keyboard mouse a gaming computer monitor amp a mavixchairs

tag a friend rt follow reply greenwall amp let us know why you deserve a brand new setup gl",2720011683,"Heinrich22Mike",2020-12-25 21:11:08,NA,"rokkr",2020
1342613761979523072,"on the 12th day of optic christmaswere giving away a brand new gaming setup

included are a controller headset keyboard mouse a gaming computer monitor amp a mavixchairs

tag a friend rt follow reply greenwall amp let us know why you deserve a brand new setup gl",3382197407,"Lockdown_98",2020-12-25 23:30:40,NA,"rokkr",2020
1308151634783014912,"opticgaming xm4 my go to",2349485209,"SonnisterYT",2020-09-21 21:10:28,NA,"rokkr",2020
1342578430546767872,"on the 12th day of optic christmaswere giving away a brand new gaming setup

included are a controller headset keyboard mouse a gaming computer monitor amp a mavixchairs

tag a friend rt follow reply greenwall amp let us know why you deserve a brand new setup gl",2300337180,"ThraeX",2020-12-25 21:10:16,NA,"rokkr",2020
1339742729908174848,"optic heczquarters greenwall need this for my new gaming room just moved into my new apartment and this is exactly what i need to decorate h3cz",3015490138,"Phantom_nG",2020-12-18 01:22:12,"GreenWall","rokkr",2020
1311688847575658496,"esportsobserved nrgreddit h3cz opticgaming nrggg alwaysmartin1",365094240,"JQA98",2020-10-01 15:26:05,NA,"rokkr",2020
1342179654677852160,"optic gamefuel greenwall",1123710506,"Memphis_Silent",2020-12-24 18:45:40,"GreenWall","rokkr",2020
1326571929482915840,"opticgaming 13 months waiting for this day letu2019s goooo",94922350,"joseforobledo",2020-11-11 17:06:09,NA,"rokkr",2020
1341747090964303872,"optic gamefuel greenwall connor38022816",415678906,"tylernaylor1",2020-12-23 14:06:49,"GreenWall","rokkr",2020
1259602980808130560,"opticgaming wins a nail biter vs the torontoultra winning in a game 5 round 11 they will move onto the finals and take on either faze or subliners
ogla cdl2020",1258764467095179264,"StATz23",2020-05-10 21:55:27,"OGLA CDL2020","rokkr",2020
1341884083903885312,"on the 10th day of optic christmas were giving away an incredible cold war gamefuel crate filled with items to keep you warm for the holidays

rt follow amp reply greenwall amp well pick a winner tonight

stay tuned for tomorrows giveaway its gonna be u0001f525 trust",4092472333,"papijalipe",2020-12-23 23:11:11,NA,"rokkr",2020
1341898241533734912,"on the 10th day of optic christmas were giving away an incredible cold war gamefuel crate filled with items to keep you warm for the holidays

rt follow amp reply greenwall amp well pick a winner tonight

stay tuned for tomorrows giveaway its gonna be u0001f525 trust",1266350321317675008,"McneelyJared",2020-12-24 00:07:26,NA,"rokkr",2020
1343624385610067968,"its literally like im playing fkn optic gaming with the addition of faze bloo on their team like turn the sbmm down ffs",842191417065787392,"SlaK_CoD",2020-12-28 18:26:31,NA,"rokkr",2020
1326726709886922752,"fun fact 

huntsmen green  optic gaming green  optic chicago green",3282942236,"OhNygl",2020-11-12 03:21:11,NA,"rokkr",2020
1339351627887742976,"optic scufgaming heczquarters greenwall",1244455362046148608,"jenzelwashing10",2020-12-16 23:28:06,"greenwall","rokkr",2020
1342578799507070976,"optic mavixchairs greenwall tbh mysticthedon deserves it mans computer doesnu2019t work it over hears itu2019s been costing him all year heu2019s always about the grind and has more passion for the game than any cod pro or player",2300337180,"ThraeX",2020-12-25 21:11:44,"GreenWall","rokkr",2020
1328117153044832256,"also with our cold war 25k launch event were also giving away a fully customizable scuf controller

be sure to likert this post following opticchi and scufgaming amp tag a friend below greenwall",541321423,"BRojo52",2020-11-15 23:26:19,NA,"rokkr",2020
1339336245420437504,"optic scufgaming heczquarters greenwall",324512425,"90sFinest",2020-12-16 22:26:59,"Greenwall","rokkr",2020
1340232256137400320,"on the 5th day of optic christmas were giving away art pieces made by h3cz to 24 lucky winners

tomorrow well give away two zippogaming hand warmers with a heczquarters hoodie amp beanie to keep you warm for the holidays

rt follow amp reply greenwall for a chance to win",1492758138,"CJLBM7",2020-12-19 09:47:24,NA,"rokkr",2020
1305611591484833792,"bruce on the move dashyszn rejoins former teammate scump on the chicago huntsmen for the blackopscoldwar 2021 season bethehunter",1299767213373652992,"Riggatonix",2020-09-14 20:57:15,NA,"rokkr",2020
1286821127671537664,"final match of the day coming up next  home team toronto v optic gaming huge match as these 2 are fighting for the same seed",1157123285584211968,"RandomNadesPod",2020-07-25 00:30:39,NA,"rokkr",2020
1343338005373677568,"v2lucaa optic wreackless mavixchairs makedwards",1157553839903531008,"ArcticsMN",2020-12-27 23:28:33,NA,"rokkr",2020
1342648627680841728,"on the 12th day of optic christmaswere giving away a brand new gaming setup

included are a controller headset keyboard mouse a gaming computer monitor amp a mavixchairs

tag a friend rt follow reply greenwall amp let us know why you deserve a brand new setup gl",933524424,"ThyAlpha",2020-12-26 01:49:12,NA,"rokkr",2020
1341816309508689920,"were at day 9 of optic christmas already tonight were giving away a new xbox series x lets get greenwall trending again

tomorrow were giving away a sick gamefuel influencer kit amp merch

reply greenwall tag a friend rt follow amp like for a chance to win",252922407,"SithBauer",2020-12-23 18:41:52,"GreenWall","rokkr",2020
1339538821751422976,"optic scufgaming heczquarters greenwall",1052696172572434432,"Sparks_FPS",2020-12-17 11:51:57,"GreenWall","rokkr",2020
1341913120634187776,"optic gamefuel greenwall",4760061392,"iXtremity_",2020-12-24 01:06:34,"GreenWall","rokkr",2020
1342084051327479808,"optic gamefuel greenwall ive been a fan since day one ive watch everyone of vectors vlogs every upload me and my brother was going to fly from the uk to see you compete in chicago but because of current circumstances we cant hope 2021 is optics year much love",415678906,"tylernaylor1",2020-12-24 12:25:47,"GreenWall","rokkr",2020
1342015154528129024,"optic gamefuel greenwall",1096902552724164608,"snoopvx",2020-12-24 07:52:00,"greenwall","rokkr",2020
1343337580855582720,"on the 12th day of optic christmaswere giving away a brand new gaming setup

included are a controller headset keyboard mouse a gaming computer monitor amp a mavixchairs

tag a friend rt follow reply greenwall amp let us know why you deserve a brand new setup gl",1157553839903531008,"ArcticsMN",2020-12-27 23:26:51,NA,"rokkr",2020
1328699364647333888,"also with our cold war 25k launch event were also giving away a fully customizable scuf controller

be sure to likert this post following opticchi and scufgaming amp tag a friend below greenwall",751817081192980480,"michael_ivory06",2020-11-17 13:59:49,NA,"rokkr",2020
1340080351587278848,"on the 5th day of optic christmas were giving away art pieces made by h3cz to 24 lucky winners

tomorrow well give away two zippogaming hand warmers with a heczquarters hoodie amp beanie to keep you warm for the holidays

rt follow amp reply greenwall for a chance to win",1095495655567564800,"clepley17",2020-12-18 23:43:47,NA,"rokkr",2020
1341687722218561536,"were at day 9 of optic christmas already tonight were giving away a new xbox series x lets get greenwall trending again

tomorrow were giving away a sick gamefuel influencer kit amp merch

reply greenwall tag a friend rt follow amp like for a chance to win",1273343912288096256,"oaanrOxc7",2020-12-23 10:10:54,"GreenWall","rokkr",2020
1286838553251467264,"game 5 alert u0001f6a8 and a possible reverse sweep scenario for optic",1157123285584211968,"RandomNadesPod",2020-07-25 01:39:54,NA,"rokkr",2020
1341892768256372736,"on the 10th day of optic christmas were giving away an incredible cold war gamefuel crate filled with items to keep you warm for the holidays

rt follow amp reply greenwall amp well pick a winner tonight

stay tuned for tomorrows giveaway its gonna be u0001f525 trust",1273343912288096256,"oaanrOxc7",2020-12-23 23:45:41,NA,"rokkr",2020
1342582621507899392,"optic mavixchairs greenwall finalbebop iu2019ve been following you guys since i was 10 or so and would really love a gaming pc havenu2019t had one and its pretty much unobtainable on my own for the foreseeable future as i wanna go to school and wonu2019t be able to buy a pc and save for that",3389489183,"vipezzthegod",2020-12-25 21:26:55,"GreenWall","rokkr",2020
1342581175429328896,"on the 12th day of optic christmaswere giving away a brand new gaming setup

included are a controller headset keyboard mouse a gaming computer monitor amp a mavixchairs

tag a friend rt follow reply greenwall amp let us know why you deserve a brand new setup gl",1026304562917990400,"FerneliusHunter",2020-12-25 21:21:10,NA,"rokkr",2020
1328294011858264064,"also with our cold war 25k launch event were also giving away a fully customizable scuf controller

be sure to likert this post following opticchi and scufgaming amp tag a friend below greenwall",1051916990011662336,"ohhkenz1",2020-11-16 11:09:05,NA,"rokkr",2020
1342598485800079360,"optic mavixchairs greenwall iu2019ve been wanting another setup for a while now so that my wife sadiesmiles can do her school work and work on her photographypodcast on our computer and i can still play games and stream in the meantime",751921856496693248,"Tactical_Trev",2020-12-25 22:29:57,"GreenWall","rokkr",2020
1342579053916811264,"on the 12th day of optic christmaswere giving away a brand new gaming setup

included are a controller headset keyboard mouse a gaming computer monitor amp a mavixchairs

tag a friend rt follow reply greenwall amp let us know why you deserve a brand new setup gl",722151316684976128,"EZ_CWL",2020-12-25 21:12:45,NA,"rokkr",2020
1343337849551085568,"optic wreackless mavixchairs greenwall makedwards currently playing on a 2007 dell pc please help me hector",1157553839903531008,"ArcticsMN",2020-12-27 23:27:56,"GreenWall","rokkr",2020
1341892629638819840,"optic gamefuel greenwall",465036440,"Jackiemoon221",2020-12-23 23:45:08,"GreenWall","rokkr",2020
1328166018980532224,"also with our cold war 25k launch event were also giving away a fully customizable scuf controller

be sure to likert this post following opticchi and scufgaming amp tag a friend below greenwall",1246230481881849856,"KaiynMcdonald",2020-11-16 02:40:29,NA,"rokkr",2020
1342652963421097984,"on the 12th day of optic christmaswere giving away a brand new gaming setup

included are a controller headset keyboard mouse a gaming computer monitor amp a mavixchairs

tag a friend rt follow reply greenwall amp let us know why you deserve a brand new setup gl",842260322,"BudHeav",2020-12-26 02:06:26,NA,"rokkr",2020
1339339654932406272,"optic scufgaming heczquarters greenwall",1249024615495675904,"BraydeRitzman",2020-12-16 22:40:32,"GreenWall","rokkr",2020
1342628740468244480,"on the 12th day of optic christmaswere giving away a brand new gaming setup

included are a controller headset keyboard mouse a gaming computer monitor amp a mavixchairs

tag a friend rt follow reply greenwall amp let us know why you deserve a brand new setup gl",776598399160385536,"Toasty76x",2020-12-26 00:30:11,NA,"rokkr",2020
1343560466463920128,"damn i canu2019t wait to see optic dominate the codleague this year",946900295623282688,"StockMannJohn",2020-12-28 14:12:32,NA,"rokkr",2020
1341529181167955968,"were at day 9 of optic christmas already tonight were giving away a new xbox series x lets get greenwall trending again

tomorrow were giving away a sick gamefuel influencer kit amp merch

reply greenwall tag a friend rt follow amp like for a chance to win",3021536217,"Tyrick_J",2020-12-22 23:40:55,"GreenWall","rokkr",2020
1341881838349017088,"on the 10th day of optic christmas were giving away an incredible cold war gamefuel crate filled with items to keep you warm for the holidays

rt follow amp reply greenwall amp well pick a winner tonight

stay tuned for tomorrows giveaway its gonna be u0001f525 trust",1268448835476414464,"its_park_",2020-12-23 23:02:15,NA,"rokkr",2020
1341529344745857024,"optic gamefuel greenwall realsunnyyy",3244913956,"Malikibby786",2020-12-22 23:41:34,"GreenWall","rokkr",2020
1328054587044007936,"opticchi scufgaming scump dashyszn dylanenvoy formal hitchariide blakecissel jordongeneral senderfn jorgesummertime team hitch vs team general is the matchup",3374504205,"AmsiTheDon",2020-11-15 19:17:42,NA,"rokkr",2020
1340291036174831616,"optic h3cz zippogaming heczquarters hell yeah",2257111150,"sstrikeyt",2020-12-19 13:40:59,NA,"rokkr",2020
1328103592411222016,"also with our cold war 25k launch event were also giving away a fully customizable scuf controller

be sure to likert this post following opticchi and scufgaming amp tag a friend below greenwall",788078953827278848,"MaZeStardust",2020-11-15 22:32:26,NA,"rokkr",2020
1331809019330105344,"dipperjohn sonicorp hitchariide i think they technically could get into another esport as u201coptic gamingu201d because they go by u201cchicago opticu201d in the cal",1069568550606499840,"N2itionTV",2020-11-26 03:56:28,NA,"rokkr",2020
1340072878868471808,"optic h3cz zippogaming heczquarters greenwall",3015490138,"Phantom_nG",2020-12-18 23:14:06,"GreenWall","rokkr",2020
1297515093056294912,"the reaction from the chicago huntsmen after yesterdayu2019s win vs the new york subliners u0001f624

bethehunter  cdlplayoffs  cdl2020",1262703984873140224,"BenPipe38215604",2020-08-23 12:44:39,NA,"rokkr",2020
